:003b,SHADERS/PARTICLE.SHADER.BIN,GPU_RENDER_TRNSLCNT_ADDITIVE_SO
+0000000000000004
+0000000000003040
+0000000000000000
+0000000000000040
+0000000000001040
+0000000020000004
+0000000020001004
+0000000040000040
+0000000040001040
+0000000000001004
+0000000040002040
+0000000000003000
+0000000000020004
+4388f698a6072390
+0000000000003004
+0000000000001000
+0000000000001044
+0010000000000040
+0000000002001000
+0000000002000000
+0010000000001040
+0010000000001004
+0010000000001000
+0000000002001004
+0000000002001044
+0000000020003004
+0000000000020040
+0000000000003044
+0000000020000000
+0000000000020000
+0000000000020044
+0000000000021004
+0000000020000040
+0000000000021000
+170abdb4ced53fce
+0b048e69f5c26e54
+0010000000000044
+0000000000000044
+0000000040000000
+0000000060002004
+0000000022001004
+0000008000000004
+54243e2ab1027a17
+0010000002001000
+0010000002001004
+0000000042000000
:0028,SHADERS/LIGHT.SHADER.BIN,POINT_K_VOL_OUT
+0000000000000000
:002f,SHADERS/POSTPROCESS.SHADER.BIN,DOWN_DEPTH_AWARE
+0000000000000000
:002c,SHADERS/MESHWATERSIM.SHADER.BIN,HEIGHT_QUERY
+0000000000000000
:002e,SHADERS/NEWCLOUD.SHADER.BIN,LOW_QUALITY_CLOUDS
+0000000000000000
:0031,SHADERS/POSTPROCESS.SHADER.BIN,DOWNSMP_DEPTH_NORM
+0000000000000000
:003a,SHADERS/RENDERIMPOSTER.SHADER.BIN,DEPTHONLY_DEFER_INSTANCE
+0000000000000000
:0023,SHADERS/POSTPROCESS.SHADER.BIN,NOOP
+0000000000000000
:0025,SHADERS/POSTPROCESS.SHADER.BIN,FXAA_0
+0000000000000000
:0028,SHADERS/ATMOSPHERE.SHADER.BIN,PLANET_RFL
+0000000000000000
:0034,SHADERS/POSTPROCESS.SHADER.BIN,WTR_BLTRL_UPSMPL_BLND
+0000000000000000
:002f,SHADERS/POSTPROCESS.SHADER.BIN,MBLUR_HIGH_PASS2
+0000000000000000
:002d,SHADERS/PARTICLE.SHADER.BIN,TRNSLCNT_ADDITIVE
+0000000000000004
+0000000000003040
+0000000000000000
+0000000000000040
+0000000000001040
+0000000040000040
+0000000020000004
+0000000040001040
+0000000020001004
+0000000000001004
+0000000040002040
+0000000000003000
+0000000000020004
+4388f698a6072390
+0000000000003004
+0000000000001000
+0000000000001044
+0010000000000040
+0000000002001000
+0000000002000000
+0010000000001040
+0010000000001004
+0010000000001000
+0000000002001004
+0000000002001044
+0000000020003004
+0000000000020040
+0000000000003044
+0000000020000000
+0000000000020000
+0000000000020044
+0000000000021004
+0000000020000040
+0000000000021000
+170abdb4ced53fce
+0b048e69f5c26e54
+0010000000000044
+0000000000000044
+0000000040000000
+0000000060002004
+0000000022001004
+0000008000000004
+54243e2ab1027a17
+0010000002001000
+0010000002001004
+0000000042000000
:002e,SHADERS/POSTPROCESS.SHADER.BIN,BILAT_UPSMP_NDP
+0000000000000000
:002e,SHADERS/POSTPROCESS.SHADER.BIN,DEPTH_LIN_WLESS
+0000000000000000
:0023,SHADERS/ATMOSPHERE.SHADER.BIN,RINGS
+0000000000000000
:002b,SHADERS/POSTPROCESS.SHADER.BIN,CLEAR_ONE_3D
+0000000000000000
:0028,SHADERS/TERRAIN.SHADER.BIN,DEPTHONLY_TOP
+0000000000000004
:002d,SHADERS/TERRAIN.SHADER.BIN,LIT_DEFER_ASTEROID
+0000000000000004
:0027,SHADERS/LIGHT.SHADER.BIN,POINT_Q_VOL_IN
+0000000000000000
:0027,SHADERS/LIGHT.SHADER.BIN,POINT_L_IN_GGX
+0000000000000000
:0027,SHADERS/LIGHT.SHADER.BIN,SPOT_K_OUT_GGX
+0000000000000000
:002a,SHADERS/UBERSHADER.SHADER.BIN,LIT_DEFER_ZE
+0000000001100005
+0000000000000000
+0000000001000005
+0000000000000005
+74db9e5db874ba88
+0000000041100000
+0000000000100007
+0000000000101041
+0000000000141041
+0000000000041041
+0000000000101004
+0010000000141041
+0000000000040041
+0000000000000042
+0010000000040041
+0000000000000040
+0000000000001041
+0000000040141041
+0000000000140041
+5a12ac17751a5007
+00000000e0141041
+0010000040001041
+0010000001000005
+0000000000000041
+0050000001000005
+028a78e9dd8de345
+1ceec6134fc7501d
+5af8546ba5e754ce
+5fb49b959b00ab56
+4dbc0dd2a196b7f8
+30f958d546c5b9a3
+46f4ae0f3f6ea74f
+6f9add74c7e43e1b
+6cf090b39cb2b64a
+01d6ef904bdca253
+1dfc44c343a2880e
+10b6d5b08ce68f49
+574d1ee8574708eb
+6e4e941e8745ea10
+0000000000100040
+0010000000100041
+0ac49cdda2473a1c
+4f577a5a40122c69
+36512dcf56268e43
+0e2faf1fc04ba4a0
+3bad59e22f05d0b4
+5e9184eafcfb90e8
+2608ef3bbef91c97
+089ec2830ff07152
+77e902057ea11092
+247c50620ce57afa
+0000000001000001
+0000000001280005
+0000000001000007
+0000000000000043
+0000000000000002
+0000000001100040
+0000000000101043
+0000000000100042
+0000000000001043
+0000000001280007
+0000000001100007
+0000000000100043
+0000000801000005
+0000000001200007
+0000000001101007
+0000000001000047
+75162a2d607d42db
+0000000041000047
+0010000001280005
+00000000a1100005
+165033c4534cfb54
+0000000000000051
+66a69bee746eb684
+0000000000000001
+0000000040140041
+0010000000000040
+6cdfb79a63cd4fe5
+0000000041000005
+64bf28d6b06e2731
+0000000040101041
+0000000041000045
+0000000001008005
+0000000000101040
+5887a982a769ad7f
+0000000000100041
+0000000001300007
+0000000001200005
+00b947a4a4ff2c73
+0000000001001003
+00000000a0101005
+5a9a55d0c7b37e29
+0000000000000003
+0000000001101005
+0000000000100002
+0a7e28a63d36312b
+0000000801000007
+0000000040100041
+5090cfa379e5e9ed
+0010000000000041
+0000000040140040
+00000000a1101005
+0000000000041040
+5152de75837be256
+0010000000000053
+0000000001380007
+0010000001100007
+0010000000001001
+0000000000000053
+166f9ccc3ac22a17
+0000000000101005
+2ff1c9492fd8abd2
+0010000000101041
+0010000000001043
+0000000000100005
+0010000001000007
+0050000001000007
+0000000800000040
+0050000001380005
+0050000041000005
+0000000020100005
+0000000001000040
+0010000000000001
+0010000001100005
+0000000001108005
+0000000020101001
+0000000000100000
+1e2b2fe5c5cfd188
+6428c5e18190c3ae
+0010000000000051
+0000000040001004
+33ee46549ae3e468
+0010000000000005
+0010000041000005
+0000000041000001
+5167aa139a8f9c21
+0000000800000045
+2f68742aa80bc1ed
+0000000000000045
+0010000041100005
+0010000001108005
+0010000801100005
+0010000801000005
+0010000801104005
+0010000000008005
+0010000841100005
+0010000001101005
+3f963f9fd17e11a7
+2afd54f85960b07f
+0f72f7076c9f3169
+0f13d1733dfa30f0
+7139224e260d593a
+045fce4c3a6b4dec
+0010000800000005
+062e8db2c5066b97
+5a1b9530e765b28c
+6e70888639fd7b15
+5abe1cd327a56f1c
+100aba312fb1987c
+5f2cffc9332bebf8
+3489c1d99c378972
+406f5af92377ee2f
+7665003ada114b72
+0a32b87423ea1f5c
+548d5928b28523a9
+6b50e8d8dc9049a6
+0000000840000005
+3a2e1d900a9b73e2
+0000000840000001
+0010000841000005
+0000020000108005
+25157c0d8b94540b
+217d7a631d11e20a
+0000000001000000
+0000000001000042
+0000000041041005
+0000000841000005
+0000000041101041
+0000000041001001
+0200000801000005
+0010020001108005
+465f5d66eeceb197
+0010000001300005
+0010000801304005
+0010000001304005
+0010000000101001
+0010000000101005
+0000000000101045
+0000000841100005
+42b59836a7008af1
+67c624a29cdf05de
+0000000041100005
+0000000041100045
+5c6d3c0da2822a4c
+0050000001280005
+6842f89e4c654ca1
+1e89678db7bd19e6
+0050000001000001
+0000000001100001
+0000000800000005
+40f5911d52d29043
+70fed011230dee25
+4f3f96f1516fda44
+0050000001280007
+036c815731106222
+3dbcce2e6ab759cb
+3fc283bbfb626e74
+12d05c1d15bf7e95
+3c479a92d16fb95a
+2116497501c9cb73
+5c56f96212704585
+2bf352108422a37b
+0000000040000041
+0000000040001041
+208f13381a72f2fd
+0000000800000041
+0000000801100005
+7cb7d3d83ef3947d
+26b6ee69a34f0239
+0010000001000001
+0010000000001041
+0000000060101000
+0010000041101005
+0010000000041041
+0010000000100040
+0010000001100041
+0000000021101005
+0000000001001001
+0010000040101041
+0050000001100005
+0000000000000007
+0000000001001005
+0000000000101001
+0000000000040051
+00000000a1000045
+20b6c54bebedddc6
+66fd73a007ea5be0
+488341144e1e7479
+0010000001001005
+6818eb68836a958c
+150541d4702eb5eb
+00000000a1100007
+0010000001001007
+0000000000100003
+27d7db26fdb878f7
+0010000001280007
+5e12c8ae5cbad345
+0000000801105005
+48f24444082f3e80
+6f8cdb961bc1536a
+706a288dfba1e53f
+0010000800104005
+0000000801104001
+0000000801104005
+0000000800104005
+0010000801104001
+0000000840100005
+0000000001384005
+6da194eba3816c98
+0210000801000005
+0000020001308005
+1b007b7afa80d9be
+300a1f6cb5b5b0bb
+0040000001000005
+00000000a0100001
+00000000a1000005
+5cca7cd111f778f6
+521a9405aa0b6ff3
+33d61ea8d1360639
+68424cf355c53969
+2d8999114438c095
+0040000001380005
+5415b17f35bcd33c
+0050000001380007
+0000000000001040
+0050000001100007
+51cae02a74efe8bf
+7a6ee91fabccec77
+2b9b717fd2e63c4e
+5b24f448237f7391
+787e3eaf7f50103f
+182fed2a8bcfcae1
+6b2707b64af2206d
+6358601549f80d08
+6bf9083b7097ceef
+06bc6ac4cd6ef4aa
+352458496307985d
+730b44cbe5bdde87
+0753ce186d023998
+045e34d9d20682e4
+62cf7e7080d133f1
+29058fe36cf7be23
+12f88ca4fa0609f6
+4529735722d761d6
+0000000001000004
+0000000000141040
+0000020000000005
+0000000001101045
+0000000040100043
+0000000040101043
+0000000040100005
+0000000040000001
+0000000001100045
+0000000000100004
+569de94c6e699389
+338aed03c932658c
+0000000001304005
+0000000801304005
+0000000001008007
+0000000000001042
+1fb983c432692866
+23e299196b79a488
+554c55418b02effe
+0000000040000005
+5d402875fb758465
+0000000801300005
+4aabae0ccffdfc2e
+7953e7c12961b922
+0000000800000000
+0000000001300005
+373c24e90e30a9e0
+3e5db8425dc8d904
+1b2d52ae1c8a6851
+7d6c8412588c6e61
+6255fe7c6c9cd523
+5cb5216ae26bf247
+0000000000000004
+6c8c16d8da93c21f
+0bad196904b027b5
+00000000a0100041
+11ae9b7a5ddb5efa
+0000000001101041
+0000000040000042
+38e553795832f147
+513dc826bd5e6e54
+0000000001001007
+0000000000001003
+556b489a10e11c40
+0000000001041005
+685dc8d0930f1f77
+0000000001000045
+0000000040001043
+0000000040100042
+0000000040000000
+0000000020100004
+088c897701165bf8
+0000000001001041
+0080000001000005
+0000000001380005
+0000000800001041
+2202627b7ada7810
+784f419c18c6cd23
+4b90174ca2cde130
+740ce89169cc29a4
+4f481fbd579d1a7c
+3eb1688426a1cdb6
+377fc1bbaa9b727b
+79e5ed29d05ed72a
+3f97412d7b69ba04
+0000000001200045
+0000000000040040
+0280000001000007
+0280000801000005
+5028ae4d1a1fa10a
+62c6ad144e958249
+000002000110c005
+00c615f4cea36760
+533371d4d70ace3b
+4e4d2b142ddbe53c
+0000020001108005
+0000000040101001
+3afe817b6aa2f117
+0c5d01e2fec8c445
+6f49ad3652e1004d
+6bafc9164ee341a0
+549c7cc53533a14e
+7c0673c358acbb57
+5dbcd7bb462a2df1
+16015a029b7fe5e0
+20d6e7ba12628956
+0000000000000006
+0000000001000003
+0000000801100007
+0000000041001007
+0000000801000047
+00000000a1000007
+0000000041000007
+4f17f76799efe00d
+70bba4115950a1fd
+64dd5ae885c310bb
+2ad5798f862e3bb7
+0a58f949496f03f3
+42a72b53e04bcb18
+3f4d090a314e616a
+2aebf7038a037abc
+0000000001381007
+6e276173456ccbb6
+5a03578ae37ec53e
+29420a3eef6a074b
+0ca1e55bc792d525
+1a0e59390e35f37d
+64abcf3667bbca20
+0000000000100001
+29491eb014f7e6aa
+0000000001104005
+0000000001100047
+0080000001100005
+051e46df7633967e
+0200000801100005
+0000000100100007
+1cc1d24948e0df2d
+0000020001308007
+4eb5bcbcba602aa7
+1b73754587c79bbc
+0000000020000042
+63629c951bf71733
+0000000040101003
+0000000000008005
+76f465e92923b8b7
+0080000000000005
+5f778fd3127d6340
+2f292d7431a4feec
+551445ce64037bbc
+0080000801000005
+0000000800000007
+0000000801104003
+60a2c5817fa93abe
+001f884e45c403e9
+281a23a6ece5b1a8
:002d,SHADERS/LIGHT.SHADER.BIN,SUN_SCAN_INDONLY_GGX
+0000000000000000
:0029,SHADERS/ATMOSPHERE.SHADER.BIN,RINGS_BELOW
+0000000000000000
:002d,SHADERS/ATMOSPHERE.SHADER.BIN,PLANET_GG_NS_NP
+0000000000000000
:0030,SHADERS/TERRAIN.SHADER.BIN,LIT_DEFER_STH_T_SPLIT
+0000000000000004
:0021,SHADERS/TRAIL.SHADER.BIN,LIGHTING
+0000000000000000
+0000000040002000
:0027,SHADERS/MESHWATER.SHADER.BIN,MESH_WATER
+0000000000000000
:002a,SHADERS/POSTPROCESS.SHADER.BIN,UINT_2_NORM
+0000000000000000
:0025,SHADERS/ATMOSPHERE.SHADER.BIN,REFLECT
+0000000000000000
:0024,SHADERS/POSTPROCESS.SHADER.BIN,LOW_Z
+0000000000000000
:0028,SHADERS/LIGHT.SHADER.BIN,POINT_Q_OUT_GGX
+0000000000000000
:0022,SHADERS/LIGHT.SHADER.BIN,SPOT_Q_IN
+0000000000000000
:002e,SHADERS/COMPUTECULL.SHADER.BIN,CULL_INST_STATS
+0000000000000000
:0030,SHADERS/TERRAIN.SHADER.BIN,LIT_DEFER_STL_T_SPLIT
+0000000000000004
:002e,SHADERS/GALACTICFSFX.SHADER.BIN,BACKGROUND_LOW
+0000000000000000
:0030,SHADERS/POSTPROCESS.SHADER.BIN,OCCL_HIGH_RESOLVE
+0000000000000000
:002c,SHADERS/MESHWATER.SHADER.BIN,M_ABVE_WTR_BLND
+0000000000000000
:002c,SHADERS/POSTPROCESS.SHADER.BIN,DEPTH_REV2LIN
+0000000000000000
:0026,SHADERS/LIGHT.SHADER.BIN,SPOT_Q_VOL_IN
+0000000000000000
:0028,SHADERS/PSTREAM.SHADER.BIN,PSTREAM_FIELD
+0000000000000000
:0023,SHADERS/DEBUG.SHADER.BIN,FLATCOLOUR
+0000000000000000
:002b,SHADERS/POSTPROCESS.SHADER.BIN,GUASS_7_HALF
+0000000000000000
:0026,SHADERS/POSTPROCESS.SHADER.BIN,DEGAMMA
+0000000000000000
:001f,SHADERS/SKY.SHADER.BIN,LIGHTING
+0000000000000000
:002a,SHADERS/LIGHT.SHADER.BIN,SPOT_K_CK_OUT_GGX
+0000000000000000
:0033,SHADERS/IMAGEBASEDLIGHTING.SHADER.BIN,BLEND_INDOORS
+0000000000000000
:0020,SHADERS/LINE.SHADER.BIN,LIGHTING
+0000000000000000
:002b,SHADERS/POSTPROCESS.SHADER.BIN,BLUR_RED_4X4
+0000000000000000
:0029,SHADERS/POSTPROCESS.SHADER.BIN,ADDITION_4
+0000000000000000
:0039,SHADERS/POSTPROCESS.SHADER.BIN,BLUR_KAWASE_PRESERVE_ALPHA
+0000000000000000
:002a,SHADERS/LIGHT.SHADER.BIN,SUNLIGHT_SHD_SCAN
+0000000000000000
:002d,SHADERS/MESHWATER.SHADER.BIN,MESH_WATER_ERASE
+0000000000000000
:0028,SHADERS/TERRAIN.SHADER.BIN,LIT_DEFER_LOW
+0000000000000004
:0033,SHADERS/POSTPROCESS.SHADER.BIN,UPS_4TAP_RGBA_BIC_DJ
+0000000000000000
:002c,SHADERS/POSTPROCESS.SHADER.BIN,DWN_DPT_MBOIT
+0000000000000000
:0022,SHADERS/QUAD.SHADER.BIN,LIGHTING_R
+0000000000000000
:002b,SHADERS/POSTPROCESS.SHADER.BIN,COPY_NONZERO
+0000000000000000
:0034,SHADERS/MESHWATERSIM.SHADER.BIN,CASCADE_WAVE_COMBINE
+0000000000000000
:0027,SHADERS/TEXTURE.SHADER.BIN,COMBINE_MAPS
+0000000000000000
:0032,SHADERS/UBERSHADER.SHADER.BIN,SHADOW_INSTANCE_FADE
+0000000001100005
+0000000000000000
+0000000001000005
+0000000000000005
+74db9e5db874ba88
+0000000041100000
+0000000000100007
+0000000000101041
+0000000000141041
+0000000000041041
+0000000000101004
+0010000000141041
+0000000000040041
+0000000000000042
+0010000000040041
+0000000000000040
+0000000000001041
+0000000040141041
+0000000000140041
+5a12ac17751a5007
+00000000e0141041
+0010000040001041
+0010000001000005
+0000000000000041
+0050000001000005
+028a78e9dd8de345
+1ceec6134fc7501d
+5af8546ba5e754ce
+5fb49b959b00ab56
+4dbc0dd2a196b7f8
+30f958d546c5b9a3
+46f4ae0f3f6ea74f
+6f9add74c7e43e1b
+6cf090b39cb2b64a
+01d6ef904bdca253
+1dfc44c343a2880e
+10b6d5b08ce68f49
+574d1ee8574708eb
+6e4e941e8745ea10
+0000000000100040
+0010000000100041
+0ac49cdda2473a1c
+4f577a5a40122c69
+36512dcf56268e43
+0e2faf1fc04ba4a0
+3bad59e22f05d0b4
+5e9184eafcfb90e8
+2608ef3bbef91c97
+089ec2830ff07152
+77e902057ea11092
+247c50620ce57afa
+0000000001000001
+0000000001280005
+0000000001000007
+0000000000000043
+0000000000000002
+0000000001100040
+0000000001280007
+0000000001008005
+00000000a1100005
+0000000000100041
+0000000000101043
+0000000000100042
+0000000000001043
+0000000001100007
+0000000000100043
+0000000801000005
+0000000001200007
+0000000001101007
+0000000001000047
+75162a2d607d42db
+0000000041000047
+0010000001280005
+165033c4534cfb54
+0000000000000051
+66a69bee746eb684
+0000000000000001
+0000000040140041
+0010000000000040
+6cdfb79a63cd4fe5
+0000000041000005
+64bf28d6b06e2731
+0000000040101041
+0000000041000045
+0000000000101040
+5887a982a769ad7f
+0000000001300007
+0000000001200005
+5a9a55d0c7b37e29
+00b947a4a4ff2c73
+0000000001001003
+00000000a0101005
+0000000000000003
+0000000001101005
+0000000000100002
+0a7e28a63d36312b
+0000000801000007
+0000000040100041
+5090cfa379e5e9ed
+0010000000000041
+0000000040140040
+00000000a1101005
+0000000000041040
+5152de75837be256
+0010000000000053
+0000000001380007
+0010000001100007
+0010000000001001
+0000000000000053
+166f9ccc3ac22a17
+0000000000101005
+2ff1c9492fd8abd2
+0010000000101041
+0010000000001043
+0000000000100005
+0010000001000007
+0050000001000007
+0000000800000040
+0050000001380005
+0050000041000005
+0000000020100005
+0000000001000040
+0010000000000001
+0010000001100005
+0000000001108005
+0000000020101001
+0000000000100000
+1e2b2fe5c5cfd188
+6428c5e18190c3ae
+0010000000000051
+0000000040001004
+33ee46549ae3e468
+0010000000000005
+0010000041000005
+0000000041000001
+5167aa139a8f9c21
+0000000800000045
+2f68742aa80bc1ed
+0000000000000045
+0010000041100005
+0010000001108005
+0010000801100005
+0010000801000005
+0010000801104005
+0010000000008005
+0010000841100005
+0010000001101005
+3f963f9fd17e11a7
+2afd54f85960b07f
+0f72f7076c9f3169
+0f13d1733dfa30f0
+7139224e260d593a
+045fce4c3a6b4dec
+0010000800000005
+062e8db2c5066b97
+5a1b9530e765b28c
+6e70888639fd7b15
+5abe1cd327a56f1c
+100aba312fb1987c
+5f2cffc9332bebf8
+3489c1d99c378972
+406f5af92377ee2f
+0a32b87423ea1f5c
+7665003ada114b72
+548d5928b28523a9
+6b50e8d8dc9049a6
+0000000840000005
+3a2e1d900a9b73e2
+0000000840000001
+0010000841000005
+0000020000108005
+25157c0d8b94540b
+217d7a631d11e20a
+0000000001000000
+0000000001000042
+0000000041041005
+0000000841000005
+0000000041101041
+0000000041001001
+0200000801000005
+0010020001108005
+465f5d66eeceb197
+0010000001300005
+0010000801304005
+0010000001304005
+0010000000101001
+0010000000101005
+0000000000101045
+0000000841100005
+42b59836a7008af1
+67c624a29cdf05de
+0000000041100005
+0000000041100045
+5c6d3c0da2822a4c
+0050000001280005
+6842f89e4c654ca1
+1e89678db7bd19e6
+0050000001000001
+0000000001100001
+0000000800000005
+40f5911d52d29043
+70fed011230dee25
+4f3f96f1516fda44
+0050000001280007
+036c815731106222
+3dbcce2e6ab759cb
+3fc283bbfb626e74
+12d05c1d15bf7e95
+3c479a92d16fb95a
+2116497501c9cb73
+5c56f96212704585
+2bf352108422a37b
+0000000040000041
+0000000040001041
+208f13381a72f2fd
+0000000800000041
+0000000801100005
+7cb7d3d83ef3947d
+26b6ee69a34f0239
+0010000001000001
+0010000000001041
+0000000060101000
+0010000041101005
+0010000000041041
+0010000000100040
+0010000001100041
+0000000021101005
+0000000001001001
+0010000040101041
+0050000001100005
+0000000000000007
+0000000001001005
+0000000000101001
+0000000000040051
+00000000a1000045
+20b6c54bebedddc6
+66fd73a007ea5be0
+488341144e1e7479
+0010000001001005
+6818eb68836a958c
+150541d4702eb5eb
+00000000a1100007
+0010000001001007
+0000000000100003
+27d7db26fdb878f7
+0010000001280007
+5e12c8ae5cbad345
+0000000801105005
+48f24444082f3e80
+6f8cdb961bc1536a
+706a288dfba1e53f
+0010000800104005
+0000000801104001
+0000000801104005
+0000000800104005
+0010000801104001
+0000000840100005
+0000000001384005
+6da194eba3816c98
+0210000801000005
+0000020001308005
+1b007b7afa80d9be
+300a1f6cb5b5b0bb
+0040000001000005
+00000000a0100001
+00000000a1000005
+5cca7cd111f778f6
+521a9405aa0b6ff3
+33d61ea8d1360639
+68424cf355c53969
+2d8999114438c095
+0040000001380005
+5415b17f35bcd33c
+0050000001380007
+0000000000001040
+0050000001100007
+51cae02a74efe8bf
+7a6ee91fabccec77
+2b9b717fd2e63c4e
+5b24f448237f7391
+787e3eaf7f50103f
+182fed2a8bcfcae1
+6b2707b64af2206d
+6358601549f80d08
+6bf9083b7097ceef
+06bc6ac4cd6ef4aa
+352458496307985d
+730b44cbe5bdde87
+0753ce186d023998
+045e34d9d20682e4
+62cf7e7080d133f1
+29058fe36cf7be23
+12f88ca4fa0609f6
+4529735722d761d6
+0000000001000004
+0000000000141040
+0000020000000005
+0000000001101045
+0000000040100043
+0000000040101043
+0000000040100005
+0000000040000001
+0000000001100045
+0000000000100004
+569de94c6e699389
+338aed03c932658c
+0000000001304005
+0000000801304005
+0000000001008007
+0000000000001042
+1fb983c432692866
+23e299196b79a488
+554c55418b02effe
+0000000040000005
+5d402875fb758465
+0000000801300005
+4aabae0ccffdfc2e
+7953e7c12961b922
+0000000800000000
+0000000001300005
+373c24e90e30a9e0
+3e5db8425dc8d904
+1b2d52ae1c8a6851
+7d6c8412588c6e61
+6255fe7c6c9cd523
+5cb5216ae26bf247
+0000000000000004
+6c8c16d8da93c21f
+0bad196904b027b5
+00000000a0100041
+11ae9b7a5ddb5efa
+0000000001101041
+0000000040000042
+38e553795832f147
+513dc826bd5e6e54
+0000000001001007
+0000000000001003
+556b489a10e11c40
+0000000001041005
+685dc8d0930f1f77
+0000000001000045
+0000000040001043
+0000000040100042
+0000000040000000
+0000000020100004
+088c897701165bf8
+0000000001001041
+0080000001000005
+0000000001380005
+0000000800001041
+2202627b7ada7810
+784f419c18c6cd23
+4b90174ca2cde130
+740ce89169cc29a4
+4f481fbd579d1a7c
+3eb1688426a1cdb6
+377fc1bbaa9b727b
+79e5ed29d05ed72a
+3f97412d7b69ba04
+0000000001200045
+0000000000040040
+0280000001000007
+0280000801000005
+5028ae4d1a1fa10a
+62c6ad144e958249
+000002000110c005
+00c615f4cea36760
+533371d4d70ace3b
+4e4d2b142ddbe53c
+0000020001108005
+0000000040101001
+3afe817b6aa2f117
+0c5d01e2fec8c445
+6f49ad3652e1004d
+6bafc9164ee341a0
+549c7cc53533a14e
+7c0673c358acbb57
+5dbcd7bb462a2df1
+16015a029b7fe5e0
+20d6e7ba12628956
+0000000000000006
+0000000001000003
+0000000801100007
+0000000041001007
+0000000801000047
+00000000a1000007
+0000000041000007
+4f17f76799efe00d
+70bba4115950a1fd
+64dd5ae885c310bb
+2ad5798f862e3bb7
+0a58f949496f03f3
+42a72b53e04bcb18
+3f4d090a314e616a
+2aebf7038a037abc
+0000000001381007
+6e276173456ccbb6
+5a03578ae37ec53e
+29420a3eef6a074b
+0ca1e55bc792d525
+1a0e59390e35f37d
+64abcf3667bbca20
+0000000000100001
+29491eb014f7e6aa
+0000000001104005
+0000000001100047
+0080000001100005
+051e46df7633967e
+0200000801100005
+0000000100100007
+1cc1d24948e0df2d
+0000020001308007
+4eb5bcbcba602aa7
+1b73754587c79bbc
+0000000020000042
+63629c951bf71733
+0000000040101003
+0000000000008005
+76f465e92923b8b7
+0080000000000005
+5f778fd3127d6340
+2f292d7431a4feec
+551445ce64037bbc
+0080000801000005
+0000000800000007
+0000000801104003
+60a2c5817fa93abe
+001f884e45c403e9
+281a23a6ece5b1a8
:0030,SHADERS/TERRAIN.SHADER.BIN,LIT_DEF_F_STL_T_SPLIT
+0000000000000004
:0025,SHADERS/POSTPROCESS.SHADER.BIN,FXAA_1
+0000000000000000
:0018,SHADERS/UI.SHADER.BIN,UI
+0000000000000000
:002c,SHADERS/COMPUTECULL.SHADER.BIN,GEN_DRAW_CMDS
+0000000000000000
:0026,SHADERS/LIGHT.SHADER.BIN,SPOT_L_IN_GGX
+0000000000000000
:0033,SHADERS/DEFERREDDECAL.SHADER.BIN,LIT_DEFER_INSTANCE
+0000000000000001
+0000000001000005
+0000000001000001
+0010000000000001
+0000000000000005
+64a11a980b950631
+4bd3c602e7e49555
:0028,SHADERS/LIGHT.SHADER.BIN,SCATTERING_NOGR
+0000000000000000
:0036,SHADERS/UBERSHADER.SHADER.BIN,DEPTHONLY_DEFER_INSTANCE
+0000000001100005
+0000000000000000
+0000000001000005
+0000000000000005
+74db9e5db874ba88
+0000000041100000
+0000000000100007
+0000000000101041
+0000000000141041
+0000000000041041
+0000000000101004
+0010000000141041
+0000000000040041
+0000000000000042
+0010000000040041
+0000000000000040
+0000000000001041
+0000000040141041
+0000000000140041
+5a12ac17751a5007
+00000000e0141041
+0010000040001041
+0010000001000005
+0000000000000041
+0050000001000005
+028a78e9dd8de345
+1ceec6134fc7501d
+5af8546ba5e754ce
+5fb49b959b00ab56
+4dbc0dd2a196b7f8
+30f958d546c5b9a3
+46f4ae0f3f6ea74f
+6f9add74c7e43e1b
+6cf090b39cb2b64a
+01d6ef904bdca253
+1dfc44c343a2880e
+10b6d5b08ce68f49
+574d1ee8574708eb
+6e4e941e8745ea10
+0000000000100040
+0010000000100041
+0ac49cdda2473a1c
+4f577a5a40122c69
+36512dcf56268e43
+0e2faf1fc04ba4a0
+3bad59e22f05d0b4
+5e9184eafcfb90e8
+2608ef3bbef91c97
+089ec2830ff07152
+77e902057ea11092
+247c50620ce57afa
+0000000001000001
+0000000001280005
+0000000001000007
+0000000000000043
+0000000000000002
+0000000001100040
+0000000000101043
+0000000000100042
+0000000000001043
+0000000001280007
+0000000001100007
+0000000000100043
+0000000801000005
+0000000001200007
+0000000001101007
+0000000001000047
+75162a2d607d42db
+0000000041000047
+0010000001280005
+00000000a1100005
+165033c4534cfb54
+0000000000000051
+66a69bee746eb684
+0000000000000001
+0000000040140041
+0010000000000040
+6cdfb79a63cd4fe5
+0000000041000005
+64bf28d6b06e2731
+0000000040101041
+0000000041000045
+0000000001008005
+0000000000101040
+5887a982a769ad7f
+0000000000100041
+0000000001300007
+0000000001200005
+00b947a4a4ff2c73
+0000000001001003
+00000000a0101005
+5a9a55d0c7b37e29
+0000000000000003
+0000000001101005
+0000000000100002
+0a7e28a63d36312b
+0000000801000007
+0000000040100041
+5090cfa379e5e9ed
+0010000000000041
+0000000040140040
+00000000a1101005
+0000000000041040
+5152de75837be256
+0010000000000053
+0000000001380007
+0010000001100007
+0010000000001001
+0000000000000053
+166f9ccc3ac22a17
+0000000000101005
+2ff1c9492fd8abd2
+0010000000101041
+0010000000001043
+0000000000100005
+0010000001000007
+0050000001000007
+0000000800000040
+0050000001380005
+0050000041000005
+0000000020100005
+0000000001000040
+0010000000000001
+0010000001100005
+0000000001108005
+0000000020101001
+0000000000100000
+1e2b2fe5c5cfd188
+6428c5e18190c3ae
+0010000000000051
+0000000040001004
+33ee46549ae3e468
+0010000000000005
+0010000041000005
+0000000041000001
+5167aa139a8f9c21
+0000000800000045
+2f68742aa80bc1ed
+0000000000000045
+0010000041100005
+0010000001108005
+0010000801100005
+0010000801000005
+0010000801104005
+0010000000008005
+0010000841100005
+0010000001101005
+3f963f9fd17e11a7
+2afd54f85960b07f
+0f72f7076c9f3169
+0f13d1733dfa30f0
+7139224e260d593a
+045fce4c3a6b4dec
+0010000800000005
+062e8db2c5066b97
+5a1b9530e765b28c
+6e70888639fd7b15
+5abe1cd327a56f1c
+100aba312fb1987c
+5f2cffc9332bebf8
+3489c1d99c378972
+406f5af92377ee2f
+7665003ada114b72
+0a32b87423ea1f5c
+548d5928b28523a9
+6b50e8d8dc9049a6
+0000000840000005
+3a2e1d900a9b73e2
+0000000840000001
+0010000841000005
+0000020000108005
+25157c0d8b94540b
+217d7a631d11e20a
+0000000001000000
+0000000001000042
+0000000041041005
+0000000841000005
+0000000041101041
+0000000041001001
+0200000801000005
+0010020001108005
+465f5d66eeceb197
+0010000001300005
+0010000801304005
+0010000001304005
+0010000000101001
+0010000000101005
+0000000000101045
+0000000841100005
+42b59836a7008af1
+67c624a29cdf05de
+0000000041100005
+0000000041100045
+5c6d3c0da2822a4c
+0050000001280005
+6842f89e4c654ca1
+1e89678db7bd19e6
+0050000001000001
+0000000001100001
+0000000800000005
+40f5911d52d29043
+70fed011230dee25
+4f3f96f1516fda44
+0050000001280007
+036c815731106222
+3dbcce2e6ab759cb
+3fc283bbfb626e74
+12d05c1d15bf7e95
+3c479a92d16fb95a
+2116497501c9cb73
+5c56f96212704585
+2bf352108422a37b
+0000000040000041
+0000000040001041
+208f13381a72f2fd
+0000000800000041
+0000000801100005
+7cb7d3d83ef3947d
+26b6ee69a34f0239
+0010000001000001
+0010000000001041
+0000000060101000
+0010000041101005
+0010000000041041
+0010000000100040
+0010000001100041
+0010000040101041
+0000000021101005
+0000000001001001
+0050000001100005
+0000000000000007
+0000000001001005
+0000000000101001
+0000000000040051
+00000000a1000045
+20b6c54bebedddc6
+66fd73a007ea5be0
+488341144e1e7479
+0010000001001005
+6818eb68836a958c
+150541d4702eb5eb
+00000000a1100007
+0010000001001007
+0000000000100003
+27d7db26fdb878f7
+0010000001280007
+5e12c8ae5cbad345
+0000000801105005
+48f24444082f3e80
+6f8cdb961bc1536a
+706a288dfba1e53f
+0010000800104005
+0000000801104001
+0000000801104005
+0000000800104005
+0010000801104001
+0000000840100005
+0000000001384005
+6da194eba3816c98
+0210000801000005
+0000020001308005
+1b007b7afa80d9be
+300a1f6cb5b5b0bb
+0040000001000005
+00000000a0100001
+00000000a1000005
+5cca7cd111f778f6
+521a9405aa0b6ff3
+33d61ea8d1360639
+68424cf355c53969
+2d8999114438c095
+0040000001380005
+5415b17f35bcd33c
+0050000001380007
+0000000000001040
+0050000001100007
+51cae02a74efe8bf
+7a6ee91fabccec77
+2b9b717fd2e63c4e
+5b24f448237f7391
+787e3eaf7f50103f
+182fed2a8bcfcae1
+6b2707b64af2206d
+6358601549f80d08
+6bf9083b7097ceef
+06bc6ac4cd6ef4aa
+352458496307985d
+730b44cbe5bdde87
+0753ce186d023998
+045e34d9d20682e4
+62cf7e7080d133f1
+29058fe36cf7be23
+12f88ca4fa0609f6
+4529735722d761d6
+0000000001000004
+0000000000141040
+0000020000000005
+0000000001101045
+0000000040100043
+0000000040101043
+0000000040100005
+0000000040000001
+0000000001100045
+0000000000100004
+569de94c6e699389
+338aed03c932658c
+0000000001304005
+0000000801304005
+0000000001008007
+0000000000001042
+1fb983c432692866
+23e299196b79a488
+554c55418b02effe
+0000000040000005
+5d402875fb758465
+0000000801300005
+4aabae0ccffdfc2e
+7953e7c12961b922
+0000000800000000
+0000000001300005
+373c24e90e30a9e0
+3e5db8425dc8d904
+1b2d52ae1c8a6851
+7d6c8412588c6e61
+6255fe7c6c9cd523
+5cb5216ae26bf247
+0000000000000004
+6c8c16d8da93c21f
+0bad196904b027b5
+00000000a0100041
+11ae9b7a5ddb5efa
+0000000001101041
+0000000040000042
+38e553795832f147
+513dc826bd5e6e54
+0000000001001007
+0000000000001003
+556b489a10e11c40
+0000000001041005
+685dc8d0930f1f77
+0000000001000045
+0000000040001043
+0000000040100042
+0000000040000000
+0000000020100004
+088c897701165bf8
+0000000001001041
+0080000001000005
+0000000001380005
+0000000800001041
+2202627b7ada7810
+784f419c18c6cd23
+4b90174ca2cde130
+740ce89169cc29a4
+4f481fbd579d1a7c
+3eb1688426a1cdb6
+377fc1bbaa9b727b
+79e5ed29d05ed72a
+3f97412d7b69ba04
+0000000001200045
+0000000000040040
+0280000001000007
+0280000801000005
+5028ae4d1a1fa10a
+62c6ad144e958249
+000002000110c005
+00c615f4cea36760
+533371d4d70ace3b
+4e4d2b142ddbe53c
+0000020001108005
+0000000040101001
+3afe817b6aa2f117
+0c5d01e2fec8c445
+6f49ad3652e1004d
+6bafc9164ee341a0
+549c7cc53533a14e
+7c0673c358acbb57
+5dbcd7bb462a2df1
+16015a029b7fe5e0
+20d6e7ba12628956
+0000000000000006
+0000000001000003
+0000000801100007
+0000000041001007
+0000000801000047
+00000000a1000007
+0000000041000007
+4f17f76799efe00d
+70bba4115950a1fd
+64dd5ae885c310bb
+2ad5798f862e3bb7
+0a58f949496f03f3
+42a72b53e04bcb18
+3f4d090a314e616a
+2aebf7038a037abc
+0000000001381007
+6e276173456ccbb6
+5a03578ae37ec53e
+29420a3eef6a074b
+0ca1e55bc792d525
+1a0e59390e35f37d
+64abcf3667bbca20
+0000000000100001
+29491eb014f7e6aa
+0000000001104005
+0000000001100047
+0080000001100005
+051e46df7633967e
+0200000801100005
+0000000100100007
+1cc1d24948e0df2d
+0000020001308007
+4eb5bcbcba602aa7
+1b73754587c79bbc
+0000000020000042
+63629c951bf71733
+0000000040101003
+0000000000008005
+76f465e92923b8b7
+0080000000000005
+5f778fd3127d6340
+2f292d7431a4feec
+551445ce64037bbc
+0080000801000005
+0000000800000007
+0000000801104003
+60a2c5817fa93abe
+001f884e45c403e9
+281a23a6ece5b1a8
:002a,SHADERS/TERRAIN.SHADER.BIN,DEPTHONLY_DEFER
+0000000000000004
:002b,SHADERS/POSTPROCESS.SHADER.BIN,FLAT2RT_COPY
+0000000000000000
:0027,SHADERS/LIGHT.SHADER.BIN,SPOT_Q_OUT_GGX
+0000000000000000
:0032,SHADERS/POSTPROCESS.SHADER.BIN,DPTH_AWRE_H_GSS_INV
+0000000000000000
:0032,SHADERS/POSTPROCESS.SHADER.BIN,BRIGHTPASS_TEMPORAL
+0000000000000000
:0026,SHADERS/LIGHT.SHADER.BIN,SPOT_R_VOL_IN
+0000000000000000
:002d,SHADERS/POSTPROCESS.SHADER.BIN,BLOOM_EXPOSURE
+0000000000000000
:0028,SHADERS/GENMIPMAP.SHADER.BIN,COMPRESSBC4
+0000000000000000
:0036,SHADERS/RENDERIMPOSTER.SHADER.BIN,SHADOW_INSTANCE_FADE
+0000000000000000
:0027,SHADERS/LIGHT.SHADER.BIN,SPOT_R_OUT_GGX
+0000000000000000
:0024,SHADERS/SKY.SHADER.BIN,BAKE_LIGHTING
+0000000000000000
:001a,SHADERS/SKY.SHADER.BIN,PBL
+0000000000000000
:0028,SHADERS/ATMOSPHERE.SHADER.BIN,RINGS_AMID
+0000000000000000
:002c,SHADERS/POSTPROCESS.SHADER.BIN,FFX_SUPER_RES
+0000000000000000
:002d,SHADERS/UBERSHADER.SHADER.BIN,DEPTHONLY_FRWRD
+0000000000000000
+0000000001000005
+0000000000000005
+0000000001100005
+74db9e5db874ba88
+0000000041100000
+0000000000100007
+0000000000101041
+0000000000141041
+0000000000041041
+0000000000101004
+0010000000141041
+0000000000040041
+0000000000000042
+0010000000040041
+0000000000000040
+0000000000001041
+0000000040141041
+0000000000140041
+5a12ac17751a5007
+00000000e0141041
+0010000040001041
+0010000001000005
+0000000000000041
+0050000001000005
+028a78e9dd8de345
+1ceec6134fc7501d
+5af8546ba5e754ce
+5fb49b959b00ab56
+4dbc0dd2a196b7f8
+30f958d546c5b9a3
+46f4ae0f3f6ea74f
+6f9add74c7e43e1b
+6cf090b39cb2b64a
+01d6ef904bdca253
+1dfc44c343a2880e
+10b6d5b08ce68f49
+574d1ee8574708eb
+6e4e941e8745ea10
+0000000000100040
+0010000000100041
+0ac49cdda2473a1c
+4f577a5a40122c69
+36512dcf56268e43
+0e2faf1fc04ba4a0
+3bad59e22f05d0b4
+5e9184eafcfb90e8
+2608ef3bbef91c97
+089ec2830ff07152
+77e902057ea11092
+247c50620ce57afa
+0000000001280005
+0000000001000001
+0000000001000007
+0000000000000043
+0000000000000002
+0000000001100040
+0000000001280007
+0000000001008005
+00000000a1100005
+0000000000100041
+0000000000101043
+0000000000100042
+0000000000001043
+0010000001280005
+0010000000000053
+5a9a55d0c7b37e29
+0000000001100007
+0000000000100043
+0000000801000005
+0000000001200007
+0000000001101007
+0000000001000047
+75162a2d607d42db
+0000000041000047
+165033c4534cfb54
+0000000000000051
+66a69bee746eb684
+0000000000000001
+0000000040140041
+0010000000000040
+6cdfb79a63cd4fe5
+0000000041000005
+64bf28d6b06e2731
+0000000040101041
+0000000041000045
+0000000000101040
+5887a982a769ad7f
+0000000001300007
+0000000001200005
+00b947a4a4ff2c73
+0000000001001003
+00000000a0101005
+0000000000000003
+0000000001101005
+0000000000100002
+0a7e28a63d36312b
+0000000801000007
+0000000040100041
+5090cfa379e5e9ed
+0010000000000041
+0000000040140040
+00000000a1101005
+0000000000041040
+5152de75837be256
+0010000001100007
+0000000001380007
+0010000000001001
+0000000000000053
+166f9ccc3ac22a17
+0000000000101005
+2ff1c9492fd8abd2
+0010000000101041
+0010000000001043
+0000000000100005
+0010000001000007
+0050000001000007
+0000000800000040
+0050000001380005
+0050000041000005
+0000000020100005
+0000000001000040
+0010000001100005
+0010000000000001
+0000000001108005
+0000000020101001
+0000000000100000
+1e2b2fe5c5cfd188
+6428c5e18190c3ae
+0010000000000051
+0000000040001004
+33ee46549ae3e468
+0010000000000005
+0010000041000005
+0000000041000001
+5167aa139a8f9c21
+0000000800000045
+2f68742aa80bc1ed
+0000000000000045
+0010000041100005
+0010000001108005
+0010000801100005
+0010000801000005
+0010000801104005
+0010000000008005
+0010000841100005
+0010000001101005
+3f963f9fd17e11a7
+2afd54f85960b07f
+0f72f7076c9f3169
+0f13d1733dfa30f0
+7139224e260d593a
+045fce4c3a6b4dec
+0010000800000005
+062e8db2c5066b97
+5a1b9530e765b28c
+6e70888639fd7b15
+5abe1cd327a56f1c
+100aba312fb1987c
+5f2cffc9332bebf8
+3489c1d99c378972
+406f5af92377ee2f
+0a32b87423ea1f5c
+7665003ada114b72
+548d5928b28523a9
+6b50e8d8dc9049a6
+0000000840000005
+3a2e1d900a9b73e2
+0000000840000001
+0010000841000005
+0000020000108005
+25157c0d8b94540b
+217d7a631d11e20a
+0000000001000000
+0000000001000042
+0000000041041005
+0000000841000005
+0000000041101041
+0000000041001001
+0200000801000005
+0010020001108005
+465f5d66eeceb197
+0010000001300005
+0010000801304005
+0010000001304005
+0010000000101001
+0010000000101005
+0000000000101045
+0000000841100005
+42b59836a7008af1
+67c624a29cdf05de
+0000000041100005
+0000000041100045
+5c6d3c0da2822a4c
+0050000001280005
+6842f89e4c654ca1
+1e89678db7bd19e6
+0050000001000001
+0000000001100001
+0000000800000005
+40f5911d52d29043
+70fed011230dee25
+4f3f96f1516fda44
+0050000001280007
+036c815731106222
+3dbcce2e6ab759cb
+3fc283bbfb626e74
+12d05c1d15bf7e95
+3c479a92d16fb95a
+2116497501c9cb73
+5c56f96212704585
+2bf352108422a37b
+0000000040000041
+0000000040001041
+208f13381a72f2fd
+0000000800000041
+0000000801100005
+7cb7d3d83ef3947d
+26b6ee69a34f0239
+0010000001000001
+0010000000001041
+0000000060101000
+0010000041101005
+0010000000041041
+0010000000100040
+0010000001100041
+0000000021101005
+0000000001001001
+0010000040101041
+0050000001100005
+0000000000000007
+0000000001001005
+0000000000101001
+0000000000040051
+20b6c54bebedddc6
+00000000a1000045
+66fd73a007ea5be0
+488341144e1e7479
+0010000001001005
+150541d4702eb5eb
+6818eb68836a958c
+00000000a1100007
+0010000001001007
+0000000000100003
+27d7db26fdb878f7
+0010000001280007
+5e12c8ae5cbad345
+0000000801105005
+48f24444082f3e80
+6f8cdb961bc1536a
+706a288dfba1e53f
+0010000800104005
+0000000801104001
+0000000801104005
+0000000800104005
+0010000801104001
+0000000840100005
+0000000001384005
+6da194eba3816c98
+0210000801000005
+1b007b7afa80d9be
+0000020001308005
+300a1f6cb5b5b0bb
+0040000001000005
+00000000a0100001
+00000000a1000005
+5cca7cd111f778f6
+521a9405aa0b6ff3
+33d61ea8d1360639
+68424cf355c53969
+0040000001380005
+2d8999114438c095
+5415b17f35bcd33c
+0050000001380007
+0000000000001040
+0050000001100007
+51cae02a74efe8bf
+7a6ee91fabccec77
+2b9b717fd2e63c4e
+5b24f448237f7391
+787e3eaf7f50103f
+182fed2a8bcfcae1
+6b2707b64af2206d
+6358601549f80d08
+6bf9083b7097ceef
+06bc6ac4cd6ef4aa
+352458496307985d
+730b44cbe5bdde87
+0753ce186d023998
+045e34d9d20682e4
+62cf7e7080d133f1
+29058fe36cf7be23
+12f88ca4fa0609f6
+4529735722d761d6
+0000000001000004
+0000000000141040
+0000020000000005
+0000000001101045
+0000000040100043
+0000000040101043
+0000000040100005
+0000000040000001
+0000000001100045
+0000000000100004
+569de94c6e699389
+338aed03c932658c
+0000000001304005
+0000000801304005
+0000000001008007
+0000000000001042
+1fb983c432692866
+23e299196b79a488
+554c55418b02effe
+0000000040000005
+5d402875fb758465
+0000000801300005
+4aabae0ccffdfc2e
+7953e7c12961b922
+0000000800000000
+0000000001300005
+373c24e90e30a9e0
+3e5db8425dc8d904
+1b2d52ae1c8a6851
+7d6c8412588c6e61
+6255fe7c6c9cd523
+5cb5216ae26bf247
+0000000000000004
+6c8c16d8da93c21f
+0bad196904b027b5
+00000000a0100041
+11ae9b7a5ddb5efa
+0000000001101041
+0000000040000042
+38e553795832f147
+513dc826bd5e6e54
+0000000001001007
+0000000000001003
+556b489a10e11c40
+0000000001041005
+685dc8d0930f1f77
+0000000001000045
+0000000040001043
+0000000040100042
+0000000040000000
+0000000020100004
+088c897701165bf8
+0000000001001041
+0080000001000005
+0000000001380005
+0000000800001041
+2202627b7ada7810
+784f419c18c6cd23
+4b90174ca2cde130
+740ce89169cc29a4
+4f481fbd579d1a7c
+3eb1688426a1cdb6
+377fc1bbaa9b727b
+79e5ed29d05ed72a
+3f97412d7b69ba04
+0000000001200045
+0000000000040040
+0280000001000007
+0280000801000005
+5028ae4d1a1fa10a
+62c6ad144e958249
+000002000110c005
+00c615f4cea36760
+533371d4d70ace3b
+4e4d2b142ddbe53c
+0000020001108005
+0000000040101001
+3afe817b6aa2f117
+0c5d01e2fec8c445
+6f49ad3652e1004d
+6bafc9164ee341a0
+549c7cc53533a14e
+7c0673c358acbb57
+5dbcd7bb462a2df1
+16015a029b7fe5e0
+20d6e7ba12628956
+0000000000000006
+0000000001000003
+0000000801100007
+0000000041001007
+0000000801000047
+00000000a1000007
+0000000041000007
+4f17f76799efe00d
+70bba4115950a1fd
+64dd5ae885c310bb
+2ad5798f862e3bb7
+0a58f949496f03f3
+42a72b53e04bcb18
+3f4d090a314e616a
+2aebf7038a037abc
+0000000001381007
+6e276173456ccbb6
+5a03578ae37ec53e
+29420a3eef6a074b
+0ca1e55bc792d525
+1a0e59390e35f37d
+64abcf3667bbca20
+0000000000100001
+29491eb014f7e6aa
+0000000001104005
+0000000001100047
+0080000001100005
+051e46df7633967e
+0200000801100005
+0000000100100007
+1cc1d24948e0df2d
+0000020001308007
+4eb5bcbcba602aa7
+1b73754587c79bbc
+0000000020000042
+63629c951bf71733
+0000000040101003
+0000000000008005
+76f465e92923b8b7
+0080000000000005
+5f778fd3127d6340
+2f292d7431a4feec
+551445ce64037bbc
+0080000801000005
+0000000800000007
+0000000801104003
+60a2c5817fa93abe
+001f884e45c403e9
+281a23a6ece5b1a8
:0028,SHADERS/LIGHT.SHADER.BIN,SUNLIGHT_SHADOW
+0000000000000000
:0029,SHADERS/POSTPROCESS.SHADER.BIN,BRIGHTPASS
+0000000000000000
:0029,SHADERS/POSTPROCESS.SHADER.BIN,COPY_DEPTH
+0000000000000000
:0032,SHADERS/POSTPROCESS.SHADER.BIN,DPTH_AWRE_V_GSS_INV
+0000000000000000
:002b,SHADERS/UBERSHADER.SHADER.BIN,LIT_FORWARD_R
+0000000000000000
+0000000001000005
+0000000000000005
+0000000001100005
+74db9e5db874ba88
+0000000041100000
+0000000000100007
+0000000000101041
+0010000000141041
+0000000000141041
+0000000000101004
+0000000000041041
+0000000000040041
+0000000000000042
+0010000000040041
+0000000000000040
+0000000000001041
+0000000040141041
+0000000000140041
+5a12ac17751a5007
+00000000e0141041
+0010000040001041
+0010000001000005
+0000000000000041
+0050000001000005
+028a78e9dd8de345
+1ceec6134fc7501d
+5af8546ba5e754ce
+5fb49b959b00ab56
+4dbc0dd2a196b7f8
+30f958d546c5b9a3
+46f4ae0f3f6ea74f
+6f9add74c7e43e1b
+6cf090b39cb2b64a
+01d6ef904bdca253
+1dfc44c343a2880e
+10b6d5b08ce68f49
+574d1ee8574708eb
+6e4e941e8745ea10
+0000000000100040
+0010000000100041
+0ac49cdda2473a1c
+4f577a5a40122c69
+36512dcf56268e43
+0e2faf1fc04ba4a0
+3bad59e22f05d0b4
+5e9184eafcfb90e8
+2608ef3bbef91c97
+089ec2830ff07152
+77e902057ea11092
+247c50620ce57afa
+0000000001280005
+0000000001000001
+0000000001000007
+0000000000000043
+0000000000000002
+0000000001100040
+0000000001280007
+0000000001008005
+00000000a1100005
+0000000000100041
+0000000000101043
+0000000000100042
+0000000000001043
+0010000001280005
+0010000000000053
+5a9a55d0c7b37e29
+0000000001100007
+0000000000100043
+0000000801000005
+0000000001200007
+0000000001101007
+0000000001000047
+75162a2d607d42db
+0000000041000047
+165033c4534cfb54
+0000000000000051
+66a69bee746eb684
+0000000000000001
+0000000040140041
+0010000000000040
+6cdfb79a63cd4fe5
+0000000041000005
+64bf28d6b06e2731
+0000000040101041
+0000000041000045
+0000000000101040
+5887a982a769ad7f
+0000000001300007
+0000000001200005
+00b947a4a4ff2c73
+0000000001001003
+00000000a0101005
+0000000000000003
+0000000001101005
+0000000000100002
+0a7e28a63d36312b
+0000000801000007
+0000000040100041
+5090cfa379e5e9ed
+0010000000000041
+0000000040140040
+00000000a1101005
+0000000000041040
+5152de75837be256
+0010000001100007
+0000000001380007
+0010000000001001
+0000000000000053
+166f9ccc3ac22a17
+0000000000101005
+2ff1c9492fd8abd2
+0010000000101041
+0010000000001043
+0000000000100005
+0010000001000007
+0050000001000007
+0000000800000040
+0050000001380005
+0050000041000005
+0000000020100005
+0000000001000040
+0010000001100005
+0010000000000001
+0000000001108005
+0000000020101001
+0000000000100000
+1e2b2fe5c5cfd188
+6428c5e18190c3ae
+0010000000000051
+0000000040001004
+33ee46549ae3e468
+0010000000000005
+0010000041000005
+0000000041000001
+5167aa139a8f9c21
+0000000800000045
+2f68742aa80bc1ed
+0000000000000045
+0010000041100005
+0010000001108005
+0010000801100005
+0010000801000005
+0010000801104005
+0010000000008005
+0010000841100005
+0010000001101005
+3f963f9fd17e11a7
+2afd54f85960b07f
+0f72f7076c9f3169
+0f13d1733dfa30f0
+7139224e260d593a
+045fce4c3a6b4dec
+0010000800000005
+062e8db2c5066b97
+5a1b9530e765b28c
+6e70888639fd7b15
+5abe1cd327a56f1c
+100aba312fb1987c
+5f2cffc9332bebf8
+3489c1d99c378972
+406f5af92377ee2f
+0a32b87423ea1f5c
+7665003ada114b72
+548d5928b28523a9
+6b50e8d8dc9049a6
+0000000840000005
+3a2e1d900a9b73e2
+0000000840000001
+0010000841000005
+0000020000108005
+25157c0d8b94540b
+217d7a631d11e20a
+0000000001000000
+0000000001000042
+0000000041041005
+0000000841000005
+0000000041101041
+0000000041001001
+0200000801000005
+0010020001108005
+465f5d66eeceb197
+0010000001300005
+0010000801304005
+0010000001304005
+0010000000101001
+0010000000101005
+0000000000101045
+0000000841100005
+42b59836a7008af1
+67c624a29cdf05de
+0000000041100005
+0000000041100045
+5c6d3c0da2822a4c
+0050000001280005
+6842f89e4c654ca1
+1e89678db7bd19e6
+0050000001000001
+0000000001100001
+0000000800000005
+40f5911d52d29043
+70fed011230dee25
+4f3f96f1516fda44
+0050000001280007
+036c815731106222
+3dbcce2e6ab759cb
+3fc283bbfb626e74
+12d05c1d15bf7e95
+3c479a92d16fb95a
+2116497501c9cb73
+5c56f96212704585
+2bf352108422a37b
+0000000040000041
+0000000040001041
+208f13381a72f2fd
+0000000800000041
+0000000801100005
+7cb7d3d83ef3947d
+26b6ee69a34f0239
+0010000001000001
+0010000000001041
+0000000060101000
+0010000041101005
+0010000000041041
+0010000000100040
+0010000001100041
+0000000021101005
+0000000001001001
+0010000040101041
+0050000001100005
+0000000000000007
+0000000001001005
+0000000000101001
+0000000000040051
+20b6c54bebedddc6
+00000000a1000045
+66fd73a007ea5be0
+488341144e1e7479
+0010000001001005
+150541d4702eb5eb
+6818eb68836a958c
+00000000a1100007
+0010000001001007
+0000000000100003
+27d7db26fdb878f7
+0010000001280007
+5e12c8ae5cbad345
+0000000801105005
+48f24444082f3e80
+6f8cdb961bc1536a
+706a288dfba1e53f
+0010000800104005
+0000000801104001
+0000000801104005
+0000000800104005
+0010000801104001
+0000000840100005
+0000000001384005
+6da194eba3816c98
+0210000801000005
+1b007b7afa80d9be
+0000020001308005
+300a1f6cb5b5b0bb
+0040000001000005
+00000000a0100001
+00000000a1000005
+5cca7cd111f778f6
+521a9405aa0b6ff3
+33d61ea8d1360639
+68424cf355c53969
+0040000001380005
+2d8999114438c095
+5415b17f35bcd33c
+0050000001380007
+0000000000001040
+0050000001100007
+51cae02a74efe8bf
+7a6ee91fabccec77
+2b9b717fd2e63c4e
+5b24f448237f7391
+787e3eaf7f50103f
+182fed2a8bcfcae1
+6b2707b64af2206d
+6358601549f80d08
+6bf9083b7097ceef
+06bc6ac4cd6ef4aa
+352458496307985d
+730b44cbe5bdde87
+0753ce186d023998
+045e34d9d20682e4
+62cf7e7080d133f1
+29058fe36cf7be23
+12f88ca4fa0609f6
+4529735722d761d6
+0000000001000004
+0000000000141040
+0000020000000005
+0000000001101045
+0000000040100043
+0000000040101043
+0000000040100005
+0000000040000001
+0000000001100045
+0000000000100004
+569de94c6e699389
+338aed03c932658c
+0000000001304005
+0000000801304005
+0000000001008007
+0000000000001042
+1fb983c432692866
+23e299196b79a488
+554c55418b02effe
+0000000040000005
+5d402875fb758465
+0000000801300005
+4aabae0ccffdfc2e
+7953e7c12961b922
+0000000800000000
+0000000001300005
+373c24e90e30a9e0
+3e5db8425dc8d904
+1b2d52ae1c8a6851
+7d6c8412588c6e61
+6255fe7c6c9cd523
+5cb5216ae26bf247
+0000000000000004
+6c8c16d8da93c21f
+0bad196904b027b5
+00000000a0100041
+11ae9b7a5ddb5efa
+0000000001101041
+0000000040000042
+38e553795832f147
+513dc826bd5e6e54
+0000000001001007
+0000000000001003
+556b489a10e11c40
+0000000001041005
+685dc8d0930f1f77
+0000000001000045
+0000000040001043
+0000000040100042
+0000000040000000
+0000000020100004
+088c897701165bf8
+0000000001001041
+0080000001000005
+0000000001380005
+0000000800001041
+2202627b7ada7810
+784f419c18c6cd23
+4b90174ca2cde130
+740ce89169cc29a4
+4f481fbd579d1a7c
+3eb1688426a1cdb6
+377fc1bbaa9b727b
+79e5ed29d05ed72a
+3f97412d7b69ba04
+0000000001200045
+0000000000040040
+0280000001000007
+0280000801000005
+5028ae4d1a1fa10a
+62c6ad144e958249
+000002000110c005
+00c615f4cea36760
+533371d4d70ace3b
+4e4d2b142ddbe53c
+0000020001108005
+0000000040101001
+3afe817b6aa2f117
+0c5d01e2fec8c445
+6f49ad3652e1004d
+6bafc9164ee341a0
+549c7cc53533a14e
+7c0673c358acbb57
+5dbcd7bb462a2df1
+16015a029b7fe5e0
+20d6e7ba12628956
+0000000000000006
+0000000001000003
+0000000801100007
+0000000041001007
+0000000801000047
+00000000a1000007
+0000000041000007
+4f17f76799efe00d
+70bba4115950a1fd
+64dd5ae885c310bb
+2ad5798f862e3bb7
+0a58f949496f03f3
+42a72b53e04bcb18
+3f4d090a314e616a
+2aebf7038a037abc
+0000000001381007
+6e276173456ccbb6
+5a03578ae37ec53e
+29420a3eef6a074b
+0ca1e55bc792d525
+1a0e59390e35f37d
+64abcf3667bbca20
+0000000000100001
+29491eb014f7e6aa
+0000000001104005
+0000000001100047
+0080000001100005
+051e46df7633967e
+0200000801100005
+0000000100100007
+1cc1d24948e0df2d
+0000020001308007
+4eb5bcbcba602aa7
+1b73754587c79bbc
+0000000020000042
+63629c951bf71733
+0000000040101003
+0000000000008005
+76f465e92923b8b7
+0080000000000005
+5f778fd3127d6340
+2f292d7431a4feec
+551445ce64037bbc
+0080000801000005
+0000000800000007
+0000000801104003
+60a2c5817fa93abe
+001f884e45c403e9
+281a23a6ece5b1a8
:0023,SHADERS/LIGHT.SHADER.BIN,POINT_Q_IN
+0000000000000000
:0029,SHADERS/POSTPROCESS.SHADER.BIN,COMBINEHDR
+0000000000000000
:002a,SHADERS/POSTPROCESS.SHADER.BIN,NORM_2_UINT
+0000000000000000
:002b,SHADERS/PARTICLE.SHADER.BIN,TRNSLCNT_R_SOFT
+0000000000000004
+0000000000003040
+0000000000000000
+0000000000000040
+0000000000001040
+0000000040000040
+0000000020000004
+0000000040001040
+0000000020001004
+0000000000001004
+0000000040002040
+0000000000003000
+0000000000020004
+4388f698a6072390
+0000000000003004
+0000000000001000
+0000000000001044
+0010000000000040
+0000000002001000
+0000000002000000
+0010000000001040
+0010000000001004
+0010000000001000
+0000000002001004
+0000000002001044
+0000000020003004
+0000000000020040
+0000000000003044
+0000000020000000
+0000000000020000
+0000000000020044
+0000000000021004
+0000000020000040
+0000000000021000
+170abdb4ced53fce
+0b048e69f5c26e54
+0010000000000044
+0000000000000044
+0000000040000000
+0000000060002004
+0000000022001004
+0000008000000004
+54243e2ab1027a17
+0010000002001000
+0010000002001004
+0000000042000000
:0020,SHADERS/LIGHT.SHADER.BIN,SUN_GGX
+0000000000000000
:002a,SHADERS/LIGHT.SHADER.BIN,SUN_SPLT_SCAN_GGX
+0000000000000000
:0031,SHADERS/UISCREEN.SHADER.BIN,LIT_FORWARD_WITH_MASK
+0000000000000041
:002b,SHADERS/POSTPROCESS.SHADER.BIN,BLTRL_UPS_BL
+0000000000000000
:0028,SHADERS/POSTPROCESS.SHADER.BIN,DEPTH_I2F
+0000000000000000
:002b,SHADERS/POSTPROCESS.SHADER.BIN,GUASS_SIMPLE
+0000000000000000
:002f,SHADERS/PARTICLE.SHADER.BIN,TRNSLCNT_R_ADDITIVE
+0000000000000004
+0000000000003040
+0000000000000000
+0000000000000040
+0000000000001040
+0000000020000004
+0000000020001004
+0000000040000040
+0000000040001040
+0000000000001004
+0000000040002040
+0000000000003000
+0000000000020004
+4388f698a6072390
+0000000000003004
+0000000000001000
+0000000000001044
+0010000000000040
+0000000002001000
+0000000002000000
+0010000000001040
+0010000000001004
+0010000000001000
+0000000002001004
+0000000002001044
+0000000020003004
+0000000000020040
+0000000000003044
+0000000020000000
+0000000000020000
+0000000000020044
+0000000000021004
+0000000020000040
+0000000000021000
+170abdb4ced53fce
+0b048e69f5c26e54
+0010000000000044
+0000000000000044
+0000000040000000
+0000000060002004
+0000000022001004
+0000008000000004
+54243e2ab1027a17
+0010000002001000
+0010000002001004
+0000000042000000
:0029,SHADERS/LIGHT.SHADER.BIN,SPOT_L_CK_IN_GGX
+0000000000000000
:002b,SHADERS/NEWCLOUD.SHADER.BIN,CLOUDS_COPY_FSR
+0000000000000000
:0025,SHADERS/LIGHT.SHADER.BIN,SPOT_R_CK_IN
+0000000000000000
:002d,SHADERS/ATMOSPHERE.SHADER.BIN,RNGS_BLW_RFLCTD
+0000000000000000
:002a,SHADERS/POSTPROCESS.SHADER.BIN,GUASS_7_SQR
+0000000000000000
:002a,SHADERS/DEPTHOFFIELD.SHADER.BIN,DILATE_VER
+0000000000000000
:0029,SHADERS/SCREEN.SHADER.BIN,DEPTHONLY_FRWRD
+0000000000000041
+0000000000000043
+0000000000000001
:002d,SHADERS/POSTPROCESS.SHADER.BIN,MOTIONDILATE_H
+0000000000000000
:0028,SHADERS/TERRAIN.SHADER.BIN,RFLCT_STC_T_S
+0000000000000004
:002c,SHADERS/GENMIPMAP.SHADER.BIN,COMPRESSBC7_TER
+0000000000000000
:0030,SHADERS/POSTPROCESS.SHADER.BIN,SCREEN_BLT_UP_ADD
+0000000000000000
:002e,SHADERS/POSTPROCESS.SHADER.BIN,MBLUR_LOW_PASS2
+0000000000000000
:0027,SHADERS/LIGHT.SHADER.BIN,POINT_L_VOL_IN
+0000000000000000
:002c,SHADERS/POSTPROCESS.SHADER.BIN,DUALP_PROJECT
+0000000000000000
:0028,SHADERS/PSTREAM.SHADER.BIN,PSTREAM_STARS
+0000000000000000
:0031,SHADERS/TERRAIN.SHADER.BIN,LIT_DEF_F_STC_N_FACING
+0000000000000004
:0037,SHADERS/RENDERIMPOSTER.SHADER.BIN,LIT_DEFER_ZE_INSTANCE
+0000000000000000
:0026,SHADERS/LIGHT.SHADER.BIN,SUNLIGHT_SCAN
+0000000000000000
:002e,SHADERS/POSTPROCESS.SHADER.BIN,CLEAR_CUSTOM_3D
+0000000000000000
:002c,SHADERS/DEBUGQUADSPLIT.SHADER.BIN,QUAD_SPLIT
+0000000000000000
:0023,SHADERS/LIGHT.SHADER.BIN,SPOT_OUTER
+0000000000000000
:002a,SHADERS/GALACTICFSFX.SHADER.BIN,BACKGROUND
+0000000000000000
:002c,SHADERS/MESHWATER.SHADER.BIN,MESH_WATER_MASK
+0000000000000000
:002e,SHADERS/ATMOSPHERE.SHADER.BIN,RNGS_ABVE_RFLCTD
+0000000000000000
:0024,SHADERS/SKY.SHADER.BIN,REFLECT_WATER
+0000000000000000
:0030,SHADERS/MESHWATER.SHADER.BIN,INSTANCE_MESH_WATER
+0000000000000000
:0028,SHADERS/LIGHT.SHADER.BIN,SH_APPLY_NW_GGX
+0000000000000000
:002b,SHADERS/POSTPROCESS.SHADER.BIN,DEPTH_U_DOWN
+0000000000000000
:0027,SHADERS/LIGHT.SHADER.BIN,POINT_R_VOL_IN
+0000000000000000
:0025,SHADERS/SKY.SHADER.BIN,CLEAR_NO_NOISE
+0000000000000000
:002d,SHADERS/LENSFLARE.SHADER.BIN,ANAMORPH_RESOLVE
+0000000000000000
:002e,SHADERS/IMAGEBASEDLIGHTING.SHADER.BIN,HDRI_PBL
+0000000000000000
:002e,SHADERS/POSTPROCESS.SHADER.BIN,GUASS_5_SQR_ADD
+0000000000000000
:0032,SHADERS/POSTPROCESS.SHADER.BIN,DEPTH_AWARE_V_GUASS
+0000000000000000
:0023,SHADERS/LIGHT.SHADER.BIN,SPOT_INNER
+0000000000000000
:0027,SHADERS/NEWCLOUD.SHADER.BIN,CLOUDS_COPY
+0000000000000000
:002b,SHADERS/TERRAIN.SHADER.BIN,LIT_FORWARD_MESH
+0000000000000004
:0029,SHADERS/POSTPROCESS.SHADER.BIN,HIGH_LOW_Z
+0000000000000000
:0028,SHADERS/TERRAIN.SHADER.BIN,REFLECT_DUALP
+0000000000000004
:0029,SHADERS/UBERSHADER.SHADER.BIN,LIT_FORWARD
+0000000000000000
+0000000041100000
+0000000000000005
+0000000000100007
+0000000001100005
+74db9e5db874ba88
+0000000001000005
+0000000000101041
+0010000000141041
+0000000000141041
+0000000000101004
+0000000000041041
+0000000000040041
+0000000000000042
+0010000000040041
+0000000000000040
+0000000000001041
+0000000040141041
+0000000000140041
+5a12ac17751a5007
+00000000e0141041
+0010000040001041
+0010000001000005
+0000000000000041
+0050000001000005
+028a78e9dd8de345
+1ceec6134fc7501d
+5af8546ba5e754ce
+5fb49b959b00ab56
+4dbc0dd2a196b7f8
+30f958d546c5b9a3
+46f4ae0f3f6ea74f
+6f9add74c7e43e1b
+6cf090b39cb2b64a
+01d6ef904bdca253
+1dfc44c343a2880e
+10b6d5b08ce68f49
+574d1ee8574708eb
+6e4e941e8745ea10
+0000000000100040
+0010000000100041
+0ac49cdda2473a1c
+4f577a5a40122c69
+36512dcf56268e43
+0e2faf1fc04ba4a0
+3bad59e22f05d0b4
+5e9184eafcfb90e8
+2608ef3bbef91c97
+089ec2830ff07152
+77e902057ea11092
+247c50620ce57afa
+0000000001280005
+0000000001000001
+0000000001000007
+0000000000000043
+0000000000000002
+0000000001100040
+0000000001280007
+0000000001008005
+00000000a1100005
+0000000000100041
+0000000000101043
+0000000000100042
+0000000000001043
+0010000001280005
+0010000000000053
+5a9a55d0c7b37e29
+0000000001100007
+0000000000100043
+0000000801000005
+0000000001200007
+0000000001101007
+0000000001000047
+75162a2d607d42db
+0000000041000047
+165033c4534cfb54
+0000000000000051
+66a69bee746eb684
+0000000000000001
+0000000040140041
+0010000000000040
+6cdfb79a63cd4fe5
+0000000041000005
+64bf28d6b06e2731
+0000000040101041
+0000000041000045
+0000000000101040
+5887a982a769ad7f
+0000000001300007
+0000000001200005
+00b947a4a4ff2c73
+0000000001001003
+00000000a0101005
+0000000000000003
+0000000001101005
+0000000000100002
+0a7e28a63d36312b
+0000000801000007
+0000000040100041
+5090cfa379e5e9ed
+0010000000000041
+0000000040140040
+00000000a1101005
+0000000000041040
+5152de75837be256
+0010000001100007
+0000000001380007
+0010000000001001
+0000000000000053
+166f9ccc3ac22a17
+0000000000101005
+2ff1c9492fd8abd2
+0010000000101041
+0010000000001043
+0000000000100005
+0010000001000007
+0050000001000007
+0000000800000040
+0050000001380005
+0050000041000005
+0000000020100005
+0000000001000040
+0010000001100005
+0010000000000001
+0000000001108005
+0000000020101001
+0000000000100000
+1e2b2fe5c5cfd188
+6428c5e18190c3ae
+0010000000000051
+0000000040001004
+33ee46549ae3e468
+0010000000000005
+0010000041000005
+0000000041000001
+5167aa139a8f9c21
+0000000800000045
+2f68742aa80bc1ed
+0000000000000045
+0010000041100005
+0010000001108005
+0010000801100005
+0010000801000005
+0010000801104005
+0010000000008005
+0010000841100005
+0010000001101005
+3f963f9fd17e11a7
+2afd54f85960b07f
+0f72f7076c9f3169
+0f13d1733dfa30f0
+7139224e260d593a
+045fce4c3a6b4dec
+0010000800000005
+062e8db2c5066b97
+5a1b9530e765b28c
+6e70888639fd7b15
+5abe1cd327a56f1c
+100aba312fb1987c
+5f2cffc9332bebf8
+3489c1d99c378972
+406f5af92377ee2f
+0a32b87423ea1f5c
+7665003ada114b72
+548d5928b28523a9
+6b50e8d8dc9049a6
+0000000840000005
+3a2e1d900a9b73e2
+0000000840000001
+0010000841000005
+0000020000108005
+25157c0d8b94540b
+217d7a631d11e20a
+0000000001000000
+0000000001000042
+0000000041041005
+0000000841000005
+0000000041101041
+0000000041001001
+0200000801000005
+0010020001108005
+465f5d66eeceb197
+0010000001300005
+0010000801304005
+0010000001304005
+0010000000101001
+0010000000101005
+0000000000101045
+0000000841100005
+42b59836a7008af1
+67c624a29cdf05de
+0000000041100005
+0000000041100045
+5c6d3c0da2822a4c
+0050000001280005
+6842f89e4c654ca1
+1e89678db7bd19e6
+0050000001000001
+0000000001100001
+0000000800000005
+40f5911d52d29043
+70fed011230dee25
+4f3f96f1516fda44
+0050000001280007
+036c815731106222
+3dbcce2e6ab759cb
+3fc283bbfb626e74
+12d05c1d15bf7e95
+3c479a92d16fb95a
+2116497501c9cb73
+5c56f96212704585
+2bf352108422a37b
+0000000040000041
+0000000040001041
+208f13381a72f2fd
+0000000800000041
+0000000801100005
+7cb7d3d83ef3947d
+26b6ee69a34f0239
+0010000001000001
+0010000000001041
+0000000060101000
+0010000041101005
+0010000000041041
+0010000000100040
+0010000001100041
+0000000021101005
+0000000001001001
+0010000040101041
+0050000001100005
+0000000000000007
+0000000001001005
+0000000000101001
+0000000000040051
+20b6c54bebedddc6
+00000000a1000045
+66fd73a007ea5be0
+488341144e1e7479
+0010000001001005
+150541d4702eb5eb
+6818eb68836a958c
+00000000a1100007
+0010000001001007
+0000000000100003
+27d7db26fdb878f7
+0010000001280007
+5e12c8ae5cbad345
+0000000801105005
+48f24444082f3e80
+6f8cdb961bc1536a
+706a288dfba1e53f
+0010000800104005
+0000000801104001
+0000000801104005
+0000000800104005
+0010000801104001
+0000000840100005
+0000000001384005
+6da194eba3816c98
+0210000801000005
+1b007b7afa80d9be
+0000020001308005
+300a1f6cb5b5b0bb
+0040000001000005
+00000000a0100001
+00000000a1000005
+5cca7cd111f778f6
+521a9405aa0b6ff3
+33d61ea8d1360639
+68424cf355c53969
+0040000001380005
+2d8999114438c095
+5415b17f35bcd33c
+0050000001380007
+0000000000001040
+0050000001100007
+51cae02a74efe8bf
+7a6ee91fabccec77
+2b9b717fd2e63c4e
+5b24f448237f7391
+787e3eaf7f50103f
+182fed2a8bcfcae1
+6b2707b64af2206d
+6358601549f80d08
+6bf9083b7097ceef
+06bc6ac4cd6ef4aa
+352458496307985d
+730b44cbe5bdde87
+0753ce186d023998
+045e34d9d20682e4
+62cf7e7080d133f1
+29058fe36cf7be23
+12f88ca4fa0609f6
+4529735722d761d6
+0000000001000004
+0000000000141040
+0000020000000005
+0000000001101045
+0000000040100043
+0000000040101043
+0000000040100005
+0000000040000001
+0000000001100045
+0000000000100004
+569de94c6e699389
+338aed03c932658c
+0000000001304005
+0000000801304005
+0000000001008007
+0000000000001042
+1fb983c432692866
+23e299196b79a488
+554c55418b02effe
+0000000040000005
+5d402875fb758465
+0000000801300005
+4aabae0ccffdfc2e
+7953e7c12961b922
+0000000800000000
+0000000001300005
+373c24e90e30a9e0
+3e5db8425dc8d904
+1b2d52ae1c8a6851
+7d6c8412588c6e61
+6255fe7c6c9cd523
+5cb5216ae26bf247
+0000000000000004
+6c8c16d8da93c21f
+0bad196904b027b5
+00000000a0100041
+11ae9b7a5ddb5efa
+0000000001101041
+0000000040000042
+38e553795832f147
+513dc826bd5e6e54
+0000000001001007
+0000000000001003
+556b489a10e11c40
+0000000001041005
+685dc8d0930f1f77
+0000000001000045
+0000000040001043
+0000000040100042
+0000000040000000
+0000000020100004
+088c897701165bf8
+0000000001001041
+0080000001000005
+0000000001380005
+0000000800001041
+2202627b7ada7810
+784f419c18c6cd23
+4b90174ca2cde130
+740ce89169cc29a4
+4f481fbd579d1a7c
+3eb1688426a1cdb6
+377fc1bbaa9b727b
+79e5ed29d05ed72a
+3f97412d7b69ba04
+0000000001200045
+0000000000040040
+0280000001000007
+0280000801000005
+5028ae4d1a1fa10a
+62c6ad144e958249
+000002000110c005
+00c615f4cea36760
+533371d4d70ace3b
+4e4d2b142ddbe53c
+0000020001108005
+0000000040101001
+3afe817b6aa2f117
+0c5d01e2fec8c445
+6f49ad3652e1004d
+6bafc9164ee341a0
+549c7cc53533a14e
+7c0673c358acbb57
+5dbcd7bb462a2df1
+16015a029b7fe5e0
+20d6e7ba12628956
+0000000000000006
+0000000001000003
+0000000801100007
+0000000041001007
+0000000801000047
+00000000a1000007
+0000000041000007
+4f17f76799efe00d
+70bba4115950a1fd
+64dd5ae885c310bb
+2ad5798f862e3bb7
+0a58f949496f03f3
+42a72b53e04bcb18
+3f4d090a314e616a
+2aebf7038a037abc
+0000000001381007
+6e276173456ccbb6
+5a03578ae37ec53e
+29420a3eef6a074b
+0ca1e55bc792d525
+1a0e59390e35f37d
+64abcf3667bbca20
+0000000000100001
+29491eb014f7e6aa
+0000000001104005
+0000000001100047
+0080000001100005
+051e46df7633967e
+0200000801100005
+0000000100100007
+1cc1d24948e0df2d
+0000020001308007
+4eb5bcbcba602aa7
+1b73754587c79bbc
+0000000020000042
+63629c951bf71733
+0000000040101003
+0000000000008005
+76f465e92923b8b7
+0080000000000005
+5f778fd3127d6340
+2f292d7431a4feec
+551445ce64037bbc
+0080000801000005
+0000000800000007
+0000000801104003
+60a2c5817fa93abe
+001f884e45c403e9
+281a23a6ece5b1a8
:002e,SHADERS/POSTPROCESS.SHADER.BIN,DEPTH_RPJ_FRWDB
+0000000000000000
:0020,SHADERS/QUAD.SHADER.BIN,LIGHTING
+0000000000000000
:002e,SHADERS/POSTPROCESS.SHADER.BIN,BLUR_KAWASE_ADD
+0000000000000000
:0020,SHADERS/TERRAIN.SHADER.BIN,EDITS
+0000000000000004
:0025,SHADERS/DEBUG.SHADER.BIN,SIDE_BY_SIDE
+0000000000000000
:0022,SHADERS/LIGHT.SHADER.BIN,SPOT_R_IN
+0000000000000000
:0024,SHADERS/TERRAIN.SHADER.BIN,LIT_DEFER
+0000000000000004
:0034,SHADERS/POSTPROCESS.SHADER.BIN,COPY_DEPTH_RESOLVEFSR
+0000000000000000
:002a,SHADERS/LIGHT.SHADER.BIN,SPOT_L_CK_OUT_GGX
+0000000000000000
:0030,SHADERS/COMPUTECULL.SHADER.BIN,GEN_DRAW_CMDS_DBG
+0000000000000000
:0038,SHADERS/IMAGEBASEDLIGHTING.SHADER.BIN,INTEGRATE_SPECULAR
+0000000000000000
:0022,SHADERS/LIGHT.SHADER.BIN,SPOT_L_IN
+0000000000000000
:002a,SHADERS/POSTPROCESS.SHADER.BIN,DEPTH_CLEAR
+0000000000000000
:0029,SHADERS/ATMOSPHERE.SHADER.BIN,PLANET_NEAR
+0000000000000000
:0031,SHADERS/POSTPROCESS.SHADER.BIN,DEPTH_REV2LIN_LESS
+0000000000000000
:0033,SHADERS/UBERSHADER.SHADER.BIN,LIT_DEFER_ZE_INSTANCE
+0000000001100005
+0000000000000000
+0000000001000005
+0000000000000005
+74db9e5db874ba88
+0000000041100000
+0000000000100007
+0000000000101041
+0000000000141041
+0000000000041041
+0000000000101004
+0010000000141041
+0000000000040041
+0000000000000042
+0010000000040041
+0000000000000040
+0000000000001041
+0000000040141041
+0000000000140041
+5a12ac17751a5007
+00000000e0141041
+0010000040001041
+0010000001000005
+0000000000000041
+0050000001000005
+028a78e9dd8de345
+1ceec6134fc7501d
+5af8546ba5e754ce
+5fb49b959b00ab56
+4dbc0dd2a196b7f8
+30f958d546c5b9a3
+46f4ae0f3f6ea74f
+6f9add74c7e43e1b
+6cf090b39cb2b64a
+01d6ef904bdca253
+1dfc44c343a2880e
+10b6d5b08ce68f49
+574d1ee8574708eb
+6e4e941e8745ea10
+0000000000100040
+0010000000100041
+0ac49cdda2473a1c
+4f577a5a40122c69
+36512dcf56268e43
+0e2faf1fc04ba4a0
+3bad59e22f05d0b4
+5e9184eafcfb90e8
+2608ef3bbef91c97
+089ec2830ff07152
+77e902057ea11092
+247c50620ce57afa
+0000000001000001
+0000000001280005
+0000000001000007
+0000000000000043
+0000000000000002
+0000000001100040
+0000000001280007
+0000000000101043
+0000000000100042
+0000000000001043
+0000000000100041
+0000000001100007
+0000000000100043
+0000000801000005
+0000000001200007
+0000000001101007
+0000000001000047
+75162a2d607d42db
+0000000041000047
+0010000001280005
+00000000a1100005
+165033c4534cfb54
+0000000000000051
+66a69bee746eb684
+0000000000000001
+0000000040140041
+0010000000000040
+6cdfb79a63cd4fe5
+0000000041000005
+64bf28d6b06e2731
+0000000040101041
+0000000041000045
+0000000001008005
+0000000000101040
+5887a982a769ad7f
+0000000001300007
+0000000001200005
+5a9a55d0c7b37e29
+00b947a4a4ff2c73
+0000000001001003
+00000000a0101005
+0000000000000003
+0000000001101005
+0000000000100002
+0a7e28a63d36312b
+0000000801000007
+0000000040100041
+5090cfa379e5e9ed
+0010000000000041
+0000000040140040
+00000000a1101005
+0000000000041040
+5152de75837be256
+0010000000000053
+0000000001380007
+0010000001100007
+0010000000001001
+0000000000000053
+166f9ccc3ac22a17
+0000000000101005
+2ff1c9492fd8abd2
+0010000000101041
+0010000000001043
+0000000000100005
+0010000001000007
+0050000001000007
+0000000800000040
+0050000001380005
+0050000041000005
+0000000020100005
+0000000001000040
+0010000000000001
+0010000001100005
+0000000001108005
+0000000020101001
+0000000000100000
+1e2b2fe5c5cfd188
+6428c5e18190c3ae
+0010000000000051
+0000000040001004
+33ee46549ae3e468
+0010000000000005
+0010000041000005
+0000000041000001
+5167aa139a8f9c21
+0000000800000045
+2f68742aa80bc1ed
+0000000000000045
+0010000041100005
+0010000001108005
+0010000801100005
+0010000801000005
+0010000801104005
+0010000000008005
+0010000841100005
+0010000001101005
+3f963f9fd17e11a7
+2afd54f85960b07f
+0f72f7076c9f3169
+0f13d1733dfa30f0
+7139224e260d593a
+045fce4c3a6b4dec
+0010000800000005
+062e8db2c5066b97
+5a1b9530e765b28c
+6e70888639fd7b15
+5abe1cd327a56f1c
+100aba312fb1987c
+5f2cffc9332bebf8
+3489c1d99c378972
+406f5af92377ee2f
+0a32b87423ea1f5c
+7665003ada114b72
+548d5928b28523a9
+6b50e8d8dc9049a6
+0000000840000005
+3a2e1d900a9b73e2
+0000000840000001
+0010000841000005
+0000020000108005
+25157c0d8b94540b
+217d7a631d11e20a
+0000000001000000
+0000000001000042
+0000000041041005
+0000000841000005
+0000000041101041
+0000000041001001
+0200000801000005
+0010020001108005
+465f5d66eeceb197
+0010000001300005
+0010000801304005
+0010000001304005
+0010000000101001
+0010000000101005
+0000000000101045
+0000000841100005
+42b59836a7008af1
+67c624a29cdf05de
+0000000041100005
+0000000041100045
+5c6d3c0da2822a4c
+0050000001280005
+6842f89e4c654ca1
+1e89678db7bd19e6
+0050000001000001
+0000000001100001
+0000000800000005
+40f5911d52d29043
+70fed011230dee25
+4f3f96f1516fda44
+0050000001280007
+036c815731106222
+3dbcce2e6ab759cb
+3fc283bbfb626e74
+12d05c1d15bf7e95
+3c479a92d16fb95a
+2116497501c9cb73
+5c56f96212704585
+2bf352108422a37b
+0000000040000041
+0000000040001041
+208f13381a72f2fd
+0000000800000041
+0000000801100005
+7cb7d3d83ef3947d
+26b6ee69a34f0239
+0010000001000001
+0010000000001041
+0000000060101000
+0010000041101005
+0010000000041041
+0010000000100040
+0010000001100041
+0000000021101005
+0000000001001001
+0010000040101041
+0050000001100005
+0000000000000007
+0000000001001005
+0000000000101001
+0000000000040051
+00000000a1000045
+20b6c54bebedddc6
+66fd73a007ea5be0
+488341144e1e7479
+0010000001001005
+6818eb68836a958c
+150541d4702eb5eb
+00000000a1100007
+0010000001001007
+0000000000100003
+27d7db26fdb878f7
+0010000001280007
+5e12c8ae5cbad345
+0000000801105005
+48f24444082f3e80
+6f8cdb961bc1536a
+706a288dfba1e53f
+0010000800104005
+0000000801104001
+0000000801104005
+0000000800104005
+0010000801104001
+0000000840100005
+0000000001384005
+6da194eba3816c98
+0210000801000005
+0000020001308005
+1b007b7afa80d9be
+300a1f6cb5b5b0bb
+0040000001000005
+00000000a0100001
+00000000a1000005
+5cca7cd111f778f6
+521a9405aa0b6ff3
+33d61ea8d1360639
+68424cf355c53969
+2d8999114438c095
+0040000001380005
+5415b17f35bcd33c
+0050000001380007
+0000000000001040
+0050000001100007
+51cae02a74efe8bf
+7a6ee91fabccec77
+2b9b717fd2e63c4e
+5b24f448237f7391
+787e3eaf7f50103f
+182fed2a8bcfcae1
+6b2707b64af2206d
+6358601549f80d08
+6bf9083b7097ceef
+06bc6ac4cd6ef4aa
+352458496307985d
+730b44cbe5bdde87
+0753ce186d023998
+045e34d9d20682e4
+62cf7e7080d133f1
+29058fe36cf7be23
+12f88ca4fa0609f6
+4529735722d761d6
+0000000001000004
+0000000000141040
+0000020000000005
+0000000001101045
+0000000040100043
+0000000040101043
+0000000040100005
+0000000040000001
+0000000001100045
+0000000000100004
+569de94c6e699389
+338aed03c932658c
+0000000001304005
+0000000801304005
+0000000001008007
+0000000000001042
+1fb983c432692866
+23e299196b79a488
+554c55418b02effe
+0000000040000005
+5d402875fb758465
+0000000801300005
+4aabae0ccffdfc2e
+7953e7c12961b922
+0000000800000000
+0000000001300005
+373c24e90e30a9e0
+3e5db8425dc8d904
+1b2d52ae1c8a6851
+7d6c8412588c6e61
+6255fe7c6c9cd523
+5cb5216ae26bf247
+0000000000000004
+6c8c16d8da93c21f
+0bad196904b027b5
+00000000a0100041
+11ae9b7a5ddb5efa
+0000000001101041
+0000000040000042
+38e553795832f147
+513dc826bd5e6e54
+0000000001001007
+0000000000001003
+556b489a10e11c40
+0000000001041005
+685dc8d0930f1f77
+0000000001000045
+0000000040001043
+0000000040100042
+0000000040000000
+0000000020100004
+088c897701165bf8
+0000000001001041
+0080000001000005
+0000000001380005
+0000000800001041
+2202627b7ada7810
+784f419c18c6cd23
+4b90174ca2cde130
+740ce89169cc29a4
+4f481fbd579d1a7c
+3eb1688426a1cdb6
+377fc1bbaa9b727b
+79e5ed29d05ed72a
+3f97412d7b69ba04
+0000000001200045
+0000000000040040
+0280000001000007
+0280000801000005
+5028ae4d1a1fa10a
+62c6ad144e958249
+000002000110c005
+00c615f4cea36760
+533371d4d70ace3b
+4e4d2b142ddbe53c
+0000020001108005
+0000000040101001
+3afe817b6aa2f117
+0c5d01e2fec8c445
+6f49ad3652e1004d
+6bafc9164ee341a0
+549c7cc53533a14e
+7c0673c358acbb57
+5dbcd7bb462a2df1
+16015a029b7fe5e0
+20d6e7ba12628956
+0000000000000006
+0000000001000003
+0000000801100007
+0000000041001007
+0000000801000047
+00000000a1000007
+0000000041000007
+4f17f76799efe00d
+70bba4115950a1fd
+64dd5ae885c310bb
+2ad5798f862e3bb7
+0a58f949496f03f3
+42a72b53e04bcb18
+3f4d090a314e616a
+2aebf7038a037abc
+0000000001381007
+6e276173456ccbb6
+5a03578ae37ec53e
+29420a3eef6a074b
+0ca1e55bc792d525
+1a0e59390e35f37d
+64abcf3667bbca20
+0000000000100001
+29491eb014f7e6aa
+0000000001104005
+0000000001100047
+0080000001100005
+051e46df7633967e
+0200000801100005
+0000000100100007
+1cc1d24948e0df2d
+0000020001308007
+4eb5bcbcba602aa7
+1b73754587c79bbc
+0000000020000042
+63629c951bf71733
+0000000040101003
+0000000000008005
+76f465e92923b8b7
+0080000000000005
+5f778fd3127d6340
+2f292d7431a4feec
+551445ce64037bbc
+0080000801000005
+0000000800000007
+0000000801104003
+60a2c5817fa93abe
+001f884e45c403e9
+281a23a6ece5b1a8
:002b,SHADERS/ATMOSPHERE.SHADER.BIN,REFLECT_WATER
+0000000000000000
:0037,SHADERS/POSTPROCESS.SHADER.BIN,BILATERAL_BLEND_UPSAMPLE
+0000000000000000
:0025,SHADERS/LIGHT.SHADER.BIN,SUN_SCAN_GGX
+0000000000000000
:0024,SHADERS/SKY.SHADER.BIN,LIGHTING_LOWQ
+0000000000000000
:0031,SHADERS/TERRAIN.SHADER.BIN,LIT_DEFER_STH_N_FACING
+0000000000000004
:002c,SHADERS/DEPTHOFFIELD.SHADER.BIN,DOF_TEMPORAL
+0000000000000000
:001f,SHADERS/DEBUG.SHADER.BIN,CIRCLE
+0000000000000000
:0023,SHADERS/LIGHT.SHADER.BIN,POINT_R_IN
+0000000000000000
:002f,SHADERS/DEFERREDDECAL.SHADER.BIN,LIT_FRWD_NS_NP
+0000000000000001
+0000000001000005
+0000000001000001
+0010000000000001
+0000000000000005
+64a11a980b950631
+4bd3c602e7e49555
:002a,SHADERS/LIGHT.SHADER.BIN,SPOT_Q_CK_OUT_GGX
+0000000000000000
:0028,SHADERS/POSTPROCESS.SHADER.BIN,MBLUR_LOW
+0000000000000000
:002f,SHADERS/POSTPROCESS.SHADER.BIN,DEPTH_REPRJ_FRWD
+0000000000000000
:0026,SHADERS/LIGHT.SHADER.BIN,SPOT_L_CK_OUT
+0000000000000000
:0029,SHADERS/LIGHT.SHADER.BIN,SPOT_K_CK_IN_GGX
+0000000000000000
:0031,SHADERS/TERRAIN.SHADER.BIN,LIT_DEF_F_STL_N_FACING
+0000000000000004
:002c,SHADERS/PARTICLE.SHADER.BIN,TRANSLUCENT_SOFT
+0000000000000004
+0000000000003040
+0000000000000000
+0000000000000040
+0000000000001040
+0000000020001004
+0000000040000040
+0000000000001004
+0000000020000004
+0000000040001040
+0000000040002040
+0000000000003000
+0000000000020004
+4388f698a6072390
+0000000000003004
+0000000000001000
+0000000000001044
+0010000000000040
+0000000002001000
+0000000002000000
+0010000000001040
+0010000000001000
+0010000000001004
+0000000002001004
+0000000002001044
+0000000020003004
+0000000000020040
+0000000000003044
+0000000020000000
+0000000000020000
+0000000000020044
+0000000000021004
+0000000020000040
+0000000000021000
+0b048e69f5c26e54
+170abdb4ced53fce
+0010000000000044
+0000000000000044
+0000000040000000
+0000000060002004
+0000000022001004
+0000008000000004
+54243e2ab1027a17
+0010000002001000
+0010000002001004
+0000000042000000
:0027,SHADERS/LIGHT.SHADER.BIN,SPOT_L_VOL_OUT
+0000000000000000
:0029,SHADERS/NEWCLOUD.SHADER.BIN,CLOUDS_BLUR_H
+0000000000000000
:0026,SHADERS/PARTICLE.SHADER.BIN,GPU_RENDER
+0000000000000004
+0000000000003040
+0000000000000000
+0000000000000040
+0000000000001040
+0000000020000004
+0000000020001004
+0000000040000040
+0000000040001040
+0000000000001004
+0000000040002040
+0000000000003000
+0000000000020004
+4388f698a6072390
+0000000000003004
+0000000000001000
+0000000000001044
+0010000000000040
+0000000002001000
+0000000002000000
+0010000000001040
+0010000000001004
+0010000000001000
+0000000002001004
+0000000002001044
+0000000020003004
+0000000000020040
+0000000000003044
+0000000020000000
+0000000000020000
+0000000000020044
+0000000000021004
+0000000020000040
+0000000000021000
+170abdb4ced53fce
+0b048e69f5c26e54
+0010000000000044
+0000000000000044
+0000000040000000
+0000000060002004
+0000000022001004
+0000008000000004
+54243e2ab1027a17
+0010000002001000
+0010000002001004
+0000000042000000
:0029,SHADERS/LIGHT.SHADER.BIN,SPOT_R_CK_IN_GGX
+0000000000000000
:0029,SHADERS/POSTPROCESS.SHADER.BIN,OCCL_MASKS
+0000000000000000
:0023,SHADERS/POSTPROCESS.SHADER.BIN,COPY
+0000000000000000
:0028,SHADERS/LIGHT.SHADER.BIN,POINT_R_VOL_OUT
+0000000000000000
:0023,SHADERS/ATMOSPHERE.SHADER.BIN,CLOUD
+0000000000000000
:001c,SHADERS/SKY.SHADER.BIN,CLEAR
+0000000000000000
:002a,SHADERS/ATMOSPHERE.SHADER.BIN,PLANET_NS_NP
+0000000000000000
:0026,SHADERS/LIGHT.SHADER.BIN,SPOT_Q_CK_OUT
+0000000000000000
:002b,SHADERS/MESHWATER.SHADER.BIN,M_BLW_WTR_BLND
+0000000000000000
:002a,SHADERS/ATMOSPHERE.SHADER.BIN,SCATTER_MASK
+0000000000000000
:002d,SHADERS/POSTPROCESS.SHADER.BIN,MOTIONRES_CLIP
+0000000000000000
:002b,SHADERS/POSTPROCESS.SHADER.BIN,FLAT2FACE_RT
+0000000000000000
:002e,SHADERS/POSTPROCESS.SHADER.BIN,UPS_4TAP_BIC_DJ
+0000000000000000
:002b,SHADERS/DEPTHOFFIELD.SHADER.BIN,POISSON_NEW
+0000000000000000
:0028,SHADERS/LIGHT.SHADER.BIN,SUN_INDONLY_GGX
+0000000000000000
:0021,SHADERS/LIGHT.SHADER.BIN,RAYMARCH
+0000000000000000
:0029,SHADERS/ATMOSPHERE.SHADER.BIN,CLOUDSHADOW
+0000000000000000
:0028,SHADERS/LIGHT.SHADER.BIN,POINT_L_OUT_GGX
+0000000000000000
:0028,SHADERS/GENMIPMAP.SHADER.BIN,COMPRESSBC5
+0000000000000000
:0026,SHADERS/LIGHT.SHADER.BIN,SPOT_K_IN_GGX
+0000000000000000
:002d,SHADERS/TERRAIN.SHADER.BIN,LIT_DEFER_N_FACING
+0000000000000004
:002d,SHADERS/ATMOSPHERE.SHADER.BIN,PLANET_GASGIANT
+0000000000000000
:0029,SHADERS/UBERSHADER.SHADER.BIN,SHADOW_FADE
+0000000000000000
+0000000041100000
+0000000000000005
+0000000000100007
+0000000001100005
+74db9e5db874ba88
+0000000001000005
+0000000000041041
+0000000000141041
+0000000000040041
+0000000000101004
+0000000000101041
+0010000000141041
+0010000000040041
+0000000000001041
+0000000000000042
+0000000000000040
+5a12ac17751a5007
+0000000040141041
+0000000000140041
+00000000e0141041
+0010000040001041
+0010000001000005
+0000000000000041
+0050000001000005
+5af8546ba5e754ce
+5fb49b959b00ab56
+6f9add74c7e43e1b
+0ac49cdda2473a1c
+4dbc0dd2a196b7f8
+36512dcf56268e43
+10b6d5b08ce68f49
+1dfc44c343a2880e
+6e4e941e8745ea10
+0010000000100041
+0e2faf1fc04ba4a0
+0000000000100040
+77e902057ea11092
+089ec2830ff07152
+247c50620ce57afa
+1ceec6134fc7501d
+2608ef3bbef91c97
+01d6ef904bdca253
+46f4ae0f3f6ea74f
+3bad59e22f05d0b4
+028a78e9dd8de345
+574d1ee8574708eb
+5e9184eafcfb90e8
+6cf090b39cb2b64a
+4f577a5a40122c69
+30f958d546c5b9a3
+0000000001000001
+0000000001280005
+0000000001000007
+0000000000000043
+0000000000100041
+0000000001100040
+0000000001008005
+0000000000000002
+0000000001280007
+00000000a1100005
+0010000000000053
+0000000000101043
+0000000000001043
+0010000001280005
+0000000000100042
+0010000000000040
+0000000000041040
+0000000000101040
+5a9a55d0c7b37e29
+0000000000000003
+0000000000100043
+00b947a4a4ff2c73
+0000000041000047
+0010000000001001
+0000000001200007
+0000000001100007
+0000000001101005
+0000000001101007
+75162a2d607d42db
+0000000001000047
+0000000000000001
+5887a982a769ad7f
+0000000000100002
+66a69bee746eb684
+165033c4534cfb54
+6cdfb79a63cd4fe5
+5152de75837be256
+64bf28d6b06e2731
+0000000001300007
+0000000801000005
+5090cfa379e5e9ed
+0000000000101005
+0000000041000045
+0000000801000007
+00000000a0101005
+0000000000000053
+0000000000000051
+0000000001001003
+166f9ccc3ac22a17
+0a7e28a63d36312b
+00000000a1101005
+0010000000000041
+0000000041000005
+0000000001200005
+0010000001100007
+0000000040100041
+0000000040101041
+0000000040140040
+0000000040140041
+0000000001380007
+2ff1c9492fd8abd2
+0010000000101041
+0010000000001043
+0000000000100005
+0010000001000007
+0050000001000007
+0000000800000040
+0050000001380005
+0050000041000005
+0000000020100005
+0000000001000040
+0010000000000001
+0010000001100005
+0000000001108005
+0000000020101001
+0000000000100000
+1e2b2fe5c5cfd188
+6428c5e18190c3ae
+0010000000000051
+0000000040001004
+33ee46549ae3e468
+0010000000000005
+0010000041000005
+0000000041000001
+5167aa139a8f9c21
+0000000000000045
+2f68742aa80bc1ed
+0000000800000045
+0010000041100005
+0010000001108005
+0010000801100005
+0010000801000005
+0010000801104005
+0010000000008005
+0010000001101005
+0010000841100005
+2afd54f85960b07f
+3f963f9fd17e11a7
+0f72f7076c9f3169
+0f13d1733dfa30f0
+7139224e260d593a
+045fce4c3a6b4dec
+0010000800000005
+062e8db2c5066b97
+5a1b9530e765b28c
+6e70888639fd7b15
+5abe1cd327a56f1c
+100aba312fb1987c
+5f2cffc9332bebf8
+3489c1d99c378972
+406f5af92377ee2f
+0a32b87423ea1f5c
+548d5928b28523a9
+7665003ada114b72
+6b50e8d8dc9049a6
+0000000840000005
+0010000841000005
+3a2e1d900a9b73e2
+0000000840000001
+0000020000108005
+25157c0d8b94540b
+217d7a631d11e20a
+0000000001000000
+0000000001000042
+0000000041041005
+0000000041101041
+0000000841000005
+0000000041001001
+0200000801000005
+0010020001108005
+465f5d66eeceb197
+0010000001300005
+0010000801304005
+0010000001304005
+0010000000101001
+0010000000101005
+0000000000101045
+0000000841100005
+67c624a29cdf05de
+42b59836a7008af1
+0000000041100005
+0000000041100045
+5c6d3c0da2822a4c
+0050000001280005
+6842f89e4c654ca1
+1e89678db7bd19e6
+0050000001000001
+0000000001100001
+0000000800000005
+40f5911d52d29043
+70fed011230dee25
+4f3f96f1516fda44
+0050000001280007
+036c815731106222
+3dbcce2e6ab759cb
+3fc283bbfb626e74
+2116497501c9cb73
+3c479a92d16fb95a
+12d05c1d15bf7e95
+5c56f96212704585
+2bf352108422a37b
+0000000040001041
+0000000040000041
+208f13381a72f2fd
+0000000800000041
+0000000801100005
+7cb7d3d83ef3947d
+26b6ee69a34f0239
+0010000001000001
+0010000000001041
+0000000060101000
+0010000041101005
+0010000000041041
+0010000000100040
+0010000001100041
+0010000040101041
+0000000001001001
+0000000021101005
+0050000001100005
+0000000000000007
+0000000000101001
+0000000001001005
+0000000000040051
+00000000a1000045
+20b6c54bebedddc6
+66fd73a007ea5be0
+488341144e1e7479
+6818eb68836a958c
+0010000001001005
+150541d4702eb5eb
+0010000001001007
+00000000a1100007
+0000000000100003
+27d7db26fdb878f7
+0010000001280007
+5e12c8ae5cbad345
+0000000801105005
+48f24444082f3e80
+6f8cdb961bc1536a
+706a288dfba1e53f
+0010000800104005
+0000000801104005
+0000000800104005
+0000000801104001
+0010000801104001
+0000000840100005
+0000000001384005
+6da194eba3816c98
+0210000801000005
+1b007b7afa80d9be
+0000020001308005
+300a1f6cb5b5b0bb
+0040000001000005
+00000000a0100001
+00000000a1000005
+5cca7cd111f778f6
+521a9405aa0b6ff3
+33d61ea8d1360639
+68424cf355c53969
+0040000001380005
+2d8999114438c095
+5415b17f35bcd33c
+0050000001380007
+0000000000001040
+0050000001100007
+51cae02a74efe8bf
+7a6ee91fabccec77
+2b9b717fd2e63c4e
+5b24f448237f7391
+787e3eaf7f50103f
+182fed2a8bcfcae1
+6b2707b64af2206d
+6358601549f80d08
+6bf9083b7097ceef
+06bc6ac4cd6ef4aa
+352458496307985d
+730b44cbe5bdde87
+0753ce186d023998
+045e34d9d20682e4
+62cf7e7080d133f1
+29058fe36cf7be23
+12f88ca4fa0609f6
+4529735722d761d6
+0000000001000004
+0000000000141040
+0000020000000005
+0000000001101045
+0000000040100043
+0000000040101043
+0000000040100005
+0000000040000001
+0000000001100045
+0000000000100004
+338aed03c932658c
+569de94c6e699389
+0000000801304005
+0000000001304005
+0000000001008007
+0000000000001042
+1fb983c432692866
+23e299196b79a488
+554c55418b02effe
+0000000040000005
+0000000801300005
+4aabae0ccffdfc2e
+5d402875fb758465
+7953e7c12961b922
+0000000001300005
+0000000800000000
+373c24e90e30a9e0
+3e5db8425dc8d904
+1b2d52ae1c8a6851
+7d6c8412588c6e61
+6255fe7c6c9cd523
+5cb5216ae26bf247
+0000000000000004
+0bad196904b027b5
+6c8c16d8da93c21f
+00000000a0100041
+11ae9b7a5ddb5efa
+0000000001101041
+0000000040000042
+38e553795832f147
+513dc826bd5e6e54
+0000000001001007
+0000000000001003
+556b489a10e11c40
+0000000001041005
+685dc8d0930f1f77
+0000000001000045
+0000000040100042
+0000000040001043
+0000000040000000
+0000000020100004
+088c897701165bf8
+0000000001001041
+0080000001000005
+0000000001380005
+0000000800001041
+784f419c18c6cd23
+2202627b7ada7810
+4b90174ca2cde130
+4f481fbd579d1a7c
+740ce89169cc29a4
+3eb1688426a1cdb6
+377fc1bbaa9b727b
+79e5ed29d05ed72a
+3f97412d7b69ba04
+0000000001200045
+0000000000040040
+0280000001000007
+0280000801000005
+5028ae4d1a1fa10a
+62c6ad144e958249
+000002000110c005
+00c615f4cea36760
+533371d4d70ace3b
+4e4d2b142ddbe53c
+0000020001108005
+0000000040101001
+3afe817b6aa2f117
+0c5d01e2fec8c445
+6f49ad3652e1004d
+6bafc9164ee341a0
+549c7cc53533a14e
+7c0673c358acbb57
+5dbcd7bb462a2df1
+20d6e7ba12628956
+16015a029b7fe5e0
+0000000000000006
+0000000001000003
+0000000801100007
+0000000041001007
+0000000801000047
+0000000041000007
+00000000a1000007
+4f17f76799efe00d
+70bba4115950a1fd
+64dd5ae885c310bb
+2ad5798f862e3bb7
+0a58f949496f03f3
+42a72b53e04bcb18
+3f4d090a314e616a
+2aebf7038a037abc
+0000000001381007
+6e276173456ccbb6
+5a03578ae37ec53e
+29420a3eef6a074b
+0ca1e55bc792d525
+1a0e59390e35f37d
+64abcf3667bbca20
+0000000000100001
+29491eb014f7e6aa
+0000000001104005
+0000000001100047
+0080000001100005
+051e46df7633967e
+0200000801100005
+0000000100100007
+1cc1d24948e0df2d
+4eb5bcbcba602aa7
+0000020001308007
+1b73754587c79bbc
+0000000020000042
+63629c951bf71733
+0000000040101003
+0000000000008005
+76f465e92923b8b7
+0080000000000005
+5f778fd3127d6340
+551445ce64037bbc
+2f292d7431a4feec
+0080000801000005
+0000000800000007
+0000000801104003
+60a2c5817fa93abe
+281a23a6ece5b1a8
+001f884e45c403e9
:002d,SHADERS/POSTPROCESS.SHADER.BIN,BRIGHTPASS_NEW
+0000000000000000
:0035,SHADERS/MESHWATERSIM.SHADER.BIN,CASCADE_WAVE_GERSTNER
+0000000000000000
:0023,SHADERS/SCREEN.SHADER.BIN,LIT_DEFER
+0000000000000041
+0000000000000043
+0000000000000001
:0037,SHADERS/PARTICLE.SHADER.BIN,GPU_RENDER_TRANSLUCENT_SOFT
+0000000000000004
+0000000000003040
+0000000000000000
+0000000000000040
+0000000000001040
+0000000020000004
+0000000020001004
+0000000040000040
+0000000040001040
+0000000000001004
+0000000040002040
+0000000000003000
+0000000000020004
+4388f698a6072390
+0000000000003004
+0000000000001000
+0000000000001044
+0010000000000040
+0000000002001000
+0000000002000000
+0010000000001040
+0010000000001004
+0010000000001000
+0000000002001004
+0000000002001044
+0000000020003004
+0000000000020040
+0000000000003044
+0000000020000000
+0000000000020000
+0000000000020044
+0000000000021004
+0000000020000040
+0000000000021000
+170abdb4ced53fce
+0b048e69f5c26e54
+0010000000000044
+0000000000000044
+0000000040000000
+0000000060002004
+0000000022001004
+0000008000000004
+54243e2ab1027a17
+0010000002001000
+0010000002001004
+0000000042000000
:001f,SHADERS/DEBUG.SHADER.BIN,SHADOW
+0000000000000000
:002c,SHADERS/POSTPROCESS.SHADER.BIN,MOTIONRESOLVE
+0000000000000000
:0034,SHADERS/RENDERIMPOSTER.SHADER.BIN,LIT_DEFER_INSTANCE
+0000000000000000
:0024,SHADERS/SKY.SHADER.BIN,LIGHTING_FRWD
+0000000000000000
:0023,SHADERS/LIGHT.SHADER.BIN,SPOT_Q_OUT
+0000000000000000
:0024,SHADERS/LIGHT.SHADER.BIN,POINT_Q_OUT
+0000000000000000
:0027,SHADERS/LIGHT.SHADER.BIN,SUNLIGHT_SPLIT
+0000000000000000
:0029,SHADERS/TERRAIN.SHADER.BIN,REFL_DUALP_GGX
+0000000000000004
:002c,SHADERS/POSTPROCESS.SHADER.BIN,PART_UPSAMPLE
+0000000000000000
:0026,SHADERS/TRAIL.SHADER.BIN,LIGHTING_GLOW
+0000000000000000
+0000000040002000
:0028,SHADERS/SCREEN.SHADER.BIN,LIT_FRWD_NS_NP
+0000000000000041
+0000000000000043
+0000000000000001
:002b,SHADERS/NEWCLOUD.SHADER.BIN,CLOUDS_TEMPORAL
+0000000000000000
:0029,SHADERS/NEWCLOUD.SHADER.BIN,CLOUD_SHADOWS
+0000000000000000
:0028,SHADERS/GENMIPMAP.SHADER.BIN,COMPRESSBC7
+0000000000000000
:0026,SHADERS/LIGHT.SHADER.BIN,SPOT_K_VOL_IN
+0000000000000000
:0026,SHADERS/LIGHT.SHADER.BIN,SPOT_Q_IN_GGX
+0000000000000000
:0027,SHADERS/ATMOSPHERE.SHADER.BIN,RAINBOW_R
+0000000000000000
:0029,SHADERS/NEWCLOUD.SHADER.BIN,CIRRUS_CLOUDS
+0000000000000000
:0032,SHADERS/POSTPROCESS.SHADER.BIN,DEPTH_REV2LIN_WLESS
+0000000000000000
:0023,SHADERS/LIGHT.SHADER.BIN,POINT_L_IN
+0000000000000000
:0029,SHADERS/LIGHT.SHADER.BIN,SPOT_Q_CK_IN_GGX
+0000000000000000
:0027,SHADERS/LIGHT.SHADER.BIN,POINT_K_VOL_IN
+0000000000000000
:0028,SHADERS/POSTPROCESS.SHADER.BIN,CLEAR_ONE
+0000000000000000
:002a,SHADERS/POSTPROCESS.SHADER.BIN,GUASS_9_ADD
+0000000000000000
:0023,SHADERS/DEPTHOFFIELD.SHADER.BIN,COC
+0000000000000000
:0031,SHADERS/TERRAIN.SHADER.BIN,LIT_DEFER_STL_N_FACING
+0000000000000004
:0023,SHADERS/SKY.SHADER.BIN,NOISE_MASKED
+0000000000000000
:002a,SHADERS/POSTPROCESS.SHADER.BIN,BLUR_KAWASE
+0000000000000000
:0025,SHADERS/LIGHT.SHADER.BIN,SPOT_K_CK_IN
+0000000000000000
:0028,SHADERS/PARTICLE.SHADER.BIN,HVR_ADDITIVE
+0000000000000004
+0000000000003040
+0000000000000000
+0000000000000040
+0000000000001040
+0000000020000004
+0000000020001004
+0000000040000040
+0000000040001040
+0000000000001004
+0000000040002040
+0000000000003000
+0000000000020004
+4388f698a6072390
+0000000000003004
+0000000000001000
+0000000000001044
+0010000000000040
+0000000002001000
+0000000002000000
+0010000000001040
+0010000000001004
+0010000000001000
+0000000002001004
+0000000002001044
+0000000020003004
+0000000000020040
+0000000000003044
+0000000020000000
+0000000000020000
+0000000000020044
+0000000000021004
+0000000020000040
+0000000000021000
+170abdb4ced53fce
+0b048e69f5c26e54
+0010000000000044
+0000000000000044
+0000000040000000
+0000000060002004
+0000000022001004
+0000008000000004
+54243e2ab1027a17
+0010000002001000
+0010000002001004
+0000000042000000
:0028,SHADERS/LIGHT.SHADER.BIN,POINT_L_VOL_OUT
+0000000000000000
:0028,SHADERS/GENMIPMAP.SHADER.BIN,COMPRESSBC3
+0000000000000000
:002a,SHADERS/LIGHT.SHADER.BIN,SCATTERING_VOLUME
+0000000000000000
:0030,SHADERS/COMPUTECULL.SHADER.BIN,CLEAR_DRAW_COUNTS
+0000000000000000
:0027,SHADERS/LIGHT.SHADER.BIN,SPOT_K_VOL_OUT
+0000000000000000
:0025,SHADERS/LIGHT.SHADER.BIN,SHADOW_APPLY
+0000000000000000
:0025,SHADERS/LIGHT.SHADER.BIN,SPOT_Q_CK_IN
+0000000000000000
:0030,SHADERS/UBERSHADER.SHADER.BIN,LIT_DEFER_INSTANCE
+0000000001100005
+0000000000000000
+0000000001000005
+0000000000000005
+74db9e5db874ba88
+0000000041100000
+0000000000100007
+0000000000101041
+0000000000141041
+0000000000041041
+0000000000101004
+0010000000141041
+0000000000040041
+0000000000000042
+0010000000040041
+0000000000000040
+0000000000001041
+0000000040141041
+0000000000140041
+5a12ac17751a5007
+00000000e0141041
+0010000040001041
+0010000001000005
+0000000000000041
+0050000001000005
+028a78e9dd8de345
+1ceec6134fc7501d
+5af8546ba5e754ce
+5fb49b959b00ab56
+4dbc0dd2a196b7f8
+30f958d546c5b9a3
+46f4ae0f3f6ea74f
+6f9add74c7e43e1b
+6cf090b39cb2b64a
+01d6ef904bdca253
+1dfc44c343a2880e
+10b6d5b08ce68f49
+574d1ee8574708eb
+6e4e941e8745ea10
+0000000000100040
+0010000000100041
+0ac49cdda2473a1c
+4f577a5a40122c69
+36512dcf56268e43
+0e2faf1fc04ba4a0
+3bad59e22f05d0b4
+5e9184eafcfb90e8
+2608ef3bbef91c97
+089ec2830ff07152
+77e902057ea11092
+247c50620ce57afa
+0000000001000001
+0000000001280005
+0000000001000007
+0000000000000043
+0000000000000002
+0000000001100040
+0000000001280007
+0000000001008005
+00000000a1100005
+0000000000100041
+0000000000101043
+0000000000100042
+0000000000001043
+0000000001100007
+0000000000100043
+0000000801000005
+0000000001200007
+0000000001101007
+0000000001000047
+75162a2d607d42db
+0000000041000047
+0010000001280005
+165033c4534cfb54
+0000000000000051
+66a69bee746eb684
+0000000000000001
+0000000040140041
+0010000000000040
+6cdfb79a63cd4fe5
+0000000041000005
+64bf28d6b06e2731
+0000000040101041
+0000000041000045
+0000000000101040
+5887a982a769ad7f
+0000000001300007
+0000000001200005
+5a9a55d0c7b37e29
+00b947a4a4ff2c73
+0000000001001003
+00000000a0101005
+0000000000000003
+0000000001101005
+0000000000100002
+0a7e28a63d36312b
+0000000801000007
+0000000040100041
+5090cfa379e5e9ed
+0010000000000041
+0000000040140040
+00000000a1101005
+0000000000041040
+5152de75837be256
+0010000000000053
+0000000001380007
+0010000001100007
+0010000000001001
+0000000000000053
+166f9ccc3ac22a17
+0000000000101005
+2ff1c9492fd8abd2
+0010000000101041
+0010000000001043
+0000000000100005
+0010000001000007
+0050000001000007
+0000000800000040
+0050000001380005
+0050000041000005
+0000000020100005
+0000000001000040
+0010000000000001
+0010000001100005
+0000000001108005
+0000000020101001
+0000000000100000
+1e2b2fe5c5cfd188
+6428c5e18190c3ae
+0010000000000051
+0000000040001004
+33ee46549ae3e468
+0010000000000005
+0010000041000005
+0000000041000001
+5167aa139a8f9c21
+0000000800000045
+2f68742aa80bc1ed
+0000000000000045
+0010000041100005
+0010000001108005
+0010000801100005
+0010000801000005
+0010000801104005
+0010000000008005
+0010000841100005
+0010000001101005
+3f963f9fd17e11a7
+2afd54f85960b07f
+0f72f7076c9f3169
+0f13d1733dfa30f0
+7139224e260d593a
+045fce4c3a6b4dec
+0010000800000005
+062e8db2c5066b97
+5a1b9530e765b28c
+6e70888639fd7b15
+5abe1cd327a56f1c
+100aba312fb1987c
+5f2cffc9332bebf8
+3489c1d99c378972
+406f5af92377ee2f
+0a32b87423ea1f5c
+7665003ada114b72
+548d5928b28523a9
+6b50e8d8dc9049a6
+0000000840000005
+3a2e1d900a9b73e2
+0000000840000001
+0010000841000005
+0000020000108005
+25157c0d8b94540b
+217d7a631d11e20a
+0000000001000000
+0000000001000042
+0000000041041005
+0000000841000005
+0000000041101041
+0000000041001001
+0200000801000005
+0010020001108005
+465f5d66eeceb197
+0010000001300005
+0010000801304005
+0010000001304005
+0010000000101001
+0010000000101005
+0000000000101045
+0000000841100005
+42b59836a7008af1
+67c624a29cdf05de
+0000000041100005
+0000000041100045
+5c6d3c0da2822a4c
+0050000001280005
+6842f89e4c654ca1
+1e89678db7bd19e6
+0050000001000001
+0000000001100001
+0000000800000005
+40f5911d52d29043
+70fed011230dee25
+4f3f96f1516fda44
+0050000001280007
+036c815731106222
+3dbcce2e6ab759cb
+3fc283bbfb626e74
+12d05c1d15bf7e95
+3c479a92d16fb95a
+2116497501c9cb73
+5c56f96212704585
+2bf352108422a37b
+0000000040000041
+0000000040001041
+208f13381a72f2fd
+0000000800000041
+0000000801100005
+7cb7d3d83ef3947d
+26b6ee69a34f0239
+0010000001000001
+0010000000001041
+0000000060101000
+0010000041101005
+0010000000041041
+0010000000100040
+0010000001100041
+0000000021101005
+0000000001001001
+0010000040101041
+0050000001100005
+0000000000000007
+0000000001001005
+0000000000101001
+0000000000040051
+00000000a1000045
+20b6c54bebedddc6
+66fd73a007ea5be0
+488341144e1e7479
+0010000001001005
+6818eb68836a958c
+150541d4702eb5eb
+00000000a1100007
+0010000001001007
+0000000000100003
+27d7db26fdb878f7
+0010000001280007
+5e12c8ae5cbad345
+0000000801105005
+48f24444082f3e80
+6f8cdb961bc1536a
+706a288dfba1e53f
+0010000800104005
+0000000801104001
+0000000801104005
+0000000800104005
+0010000801104001
+0000000840100005
+0000000001384005
+6da194eba3816c98
+0210000801000005
+0000020001308005
+1b007b7afa80d9be
+300a1f6cb5b5b0bb
+0040000001000005
+00000000a0100001
+00000000a1000005
+5cca7cd111f778f6
+521a9405aa0b6ff3
+33d61ea8d1360639
+68424cf355c53969
+2d8999114438c095
+0040000001380005
+5415b17f35bcd33c
+0050000001380007
+0000000000001040
+0050000001100007
+51cae02a74efe8bf
+7a6ee91fabccec77
+2b9b717fd2e63c4e
+5b24f448237f7391
+787e3eaf7f50103f
+182fed2a8bcfcae1
+6b2707b64af2206d
+6358601549f80d08
+6bf9083b7097ceef
+06bc6ac4cd6ef4aa
+352458496307985d
+730b44cbe5bdde87
+0753ce186d023998
+045e34d9d20682e4
+62cf7e7080d133f1
+29058fe36cf7be23
+12f88ca4fa0609f6
+4529735722d761d6
+0000000001000004
+0000000000141040
+0000020000000005
+0000000001101045
+0000000040100043
+0000000040101043
+0000000040100005
+0000000040000001
+0000000001100045
+0000000000100004
+569de94c6e699389
+338aed03c932658c
+0000000001304005
+0000000801304005
+0000000001008007
+0000000000001042
+1fb983c432692866
+23e299196b79a488
+554c55418b02effe
+0000000040000005
+5d402875fb758465
+0000000801300005
+4aabae0ccffdfc2e
+7953e7c12961b922
+0000000800000000
+0000000001300005
+373c24e90e30a9e0
+3e5db8425dc8d904
+1b2d52ae1c8a6851
+7d6c8412588c6e61
+6255fe7c6c9cd523
+5cb5216ae26bf247
+0000000000000004
+6c8c16d8da93c21f
+0bad196904b027b5
+00000000a0100041
+11ae9b7a5ddb5efa
+0000000001101041
+0000000040000042
+38e553795832f147
+513dc826bd5e6e54
+0000000001001007
+0000000000001003
+556b489a10e11c40
+0000000001041005
+685dc8d0930f1f77
+0000000001000045
+0000000040001043
+0000000040100042
+0000000040000000
+0000000020100004
+088c897701165bf8
+0000000001001041
+0080000001000005
+0000000001380005
+0000000800001041
+2202627b7ada7810
+784f419c18c6cd23
+4b90174ca2cde130
+740ce89169cc29a4
+4f481fbd579d1a7c
+3eb1688426a1cdb6
+377fc1bbaa9b727b
+79e5ed29d05ed72a
+3f97412d7b69ba04
+0000000001200045
+0000000000040040
+0280000001000007
+0280000801000005
+5028ae4d1a1fa10a
+62c6ad144e958249
+000002000110c005
+00c615f4cea36760
+533371d4d70ace3b
+4e4d2b142ddbe53c
+0000020001108005
+0000000040101001
+3afe817b6aa2f117
+0c5d01e2fec8c445
+6f49ad3652e1004d
+6bafc9164ee341a0
+549c7cc53533a14e
+7c0673c358acbb57
+5dbcd7bb462a2df1
+16015a029b7fe5e0
+20d6e7ba12628956
+0000000000000006
+0000000001000003
+0000000801100007
+0000000041001007
+0000000801000047
+00000000a1000007
+0000000041000007
+4f17f76799efe00d
+70bba4115950a1fd
+64dd5ae885c310bb
+2ad5798f862e3bb7
+0a58f949496f03f3
+42a72b53e04bcb18
+3f4d090a314e616a
+2aebf7038a037abc
+0000000001381007
+6e276173456ccbb6
+5a03578ae37ec53e
+29420a3eef6a074b
+0ca1e55bc792d525
+1a0e59390e35f37d
+64abcf3667bbca20
+0000000000100001
+29491eb014f7e6aa
+0000000001104005
+0000000001100047
+0080000001100005
+051e46df7633967e
+0200000801100005
+0000000100100007
+1cc1d24948e0df2d
+0000020001308007
+4eb5bcbcba602aa7
+1b73754587c79bbc
+0000000020000042
+63629c951bf71733
+0000000040101003
+0000000000008005
+76f465e92923b8b7
+0080000000000005
+5f778fd3127d6340
+2f292d7431a4feec
+551445ce64037bbc
+0080000801000005
+0000000800000007
+0000000801104003
+60a2c5817fa93abe
+001f884e45c403e9
+281a23a6ece5b1a8
:0027,SHADERS/LIGHT.SHADER.BIN,SPOT_L_OUT_GGX
+0000000000000000
:0024,SHADERS/ATMOSPHERE.SHADER.BIN,PLANET
+0000000000000000
:002a,SHADERS/TEXTURE.SHADER.BIN,COMBINE_DIFFUSE
+0000000000000000
:0029,SHADERS/ATMOSPHERE.SHADER.BIN,RNBW_RFLCTD
+0000000000000000
:0028,SHADERS/LIGHT.SHADER.BIN,POINT_K_OUT_GGX
+0000000000000000
:002b,SHADERS/POSTPROCESS.SHADER.BIN,GAMMACORRECT
+0000000000000000
:002e,SHADERS/POSTPROCESS.SHADER.BIN,GAMMACORRECT_UI
+0000000000000000
:002c,SHADERS/POSTPROCESS.SHADER.BIN,CLEAR_ZERO_3D
+0000000000000000
:0026,SHADERS/LIGHT.SHADER.BIN,SPOT_L_VOL_IN
+0000000000000000
:0022,SHADERS/LINE.SHADER.BIN,LIGHTING_R
+0000000000000000
:0030,SHADERS/MESHWATER.SHADER.BIN,MESH_WATER_ST_FRONT
+0000000000000000
:002a,SHADERS/MESHWATER.SHADER.BIN,M_ABOVE_WATER
+0000000000000000
:0020,SHADERS/DEBUG.SHADER.BIN,NORMALS
+0000000000000000
:002f,SHADERS/TERRAIN.SHADER.BIN,LIT_DEFER_TILE_BLEND
+0000000000000004
:0025,SHADERS/ATMOSPHERE.SHADER.BIN,RAINBOW
+0000000000000000
:002b,SHADERS/POSTPROCESS.SHADER.BIN,COPYRGB_SETA
+0000000000000000
:0032,SHADERS/POSTPROCESS.SHADER.BIN,DEPTH_AWARE_H_GUASS
+0000000000000000
:002c,SHADERS/DEFERREDDECAL.SHADER.BIN,LIT_FORWARD
+0000000000000001
+0000000001000005
+0000000001000001
+0010000000000001
+0000000000000005
+64a11a980b950631
+4bd3c602e7e49555
:0027,SHADERS/LIGHT.SHADER.BIN,POINT_R_IN_GGX
+0000000000000000
:001e,SHADERS/SKY.SHADER.BIN,REFLECT
+0000000000000000
:0026,SHADERS/LIGHT.SHADER.BIN,SPOT_K_CK_OUT
+0000000000000000
:0022,SHADERS/LINE.SHADER.BIN,SUBSTANCES
+0000000000000000
:0029,SHADERS/LIGHT.SHADER.BIN,SUN_SHD_SCAN_GGX
+0000000000000000
:0031,SHADERS/TERRAIN.SHADER.BIN,LIT_DEFER_STC_N_FACING
+0000000000000004
:0021,SHADERS/UI.SHADER.BIN,SCREEN_FADE
+0000000000000000
:0026,SHADERS/POSTPROCESS.SHADER.BIN,COMBINE
+0000000000000000
:002f,SHADERS/POSTPROCESS.SHADER.BIN,DOWNSAMPLE_DEPTH
+0000000000000000
:002e,SHADERS/NEWCLOUD.SHADER.BIN,MID_QUALITY_CLOUDS
+0000000000000000
:0031,SHADERS/POSTPROCESS.SHADER.BIN,DOWNSCALE_ESM_BY_4
+0000000000000000
:0028,SHADERS/ATMOSPHERE.SHADER.BIN,SCATTERING
+0000000000000000
:0026,SHADERS/SCREEN.SHADER.BIN,LIT_DEFER_ZE
+0000000000000041
+0000000000000043
+0000000000000001
:002a,SHADERS/LIGHT.SHADER.BIN,SPOT_R_CK_OUT_GGX
+0000000000000000
:0027,SHADERS/TERRAIN.SHADER.BIN,RFLCT_FW_TIL
+0000000000000004
:002e,SHADERS/GALACTICFSFX.SHADER.BIN,FOREGROUND_LOW
+0000000000000000
:002e,SHADERS/POSTPROCESS.SHADER.BIN,MBLUR_ULT_PASS2
+0000000000000000
:0030,SHADERS/TERRAIN.SHADER.BIN,LIT_DEF_F_STC_T_SPLIT
+0000000000000004
:0028,SHADERS/COMPUTECULL.SHADER.BIN,CULL_INST
+0000000000000000
:0025,SHADERS/SCREEN.SHADER.BIN,LIT_FORWARD
+0000000000000041
+0000000000000043
+0000000000000001
:002b,SHADERS/POSTPROCESS.SHADER.BIN,GUASS_5_HALF
+0000000000000000
:0029,SHADERS/PARTICLE.SHADER.BIN,HEAVYAIR_SOFT
+0000000000000004
+0000000000003040
+0000000000000000
+0000000000000040
+0000000000001040
+0000000020000004
+0000000020001004
+0000000040000040
+0000000040001040
+0000000000001004
+0000000040002040
+0000000000003000
+0000000000020004
+4388f698a6072390
+0000000000003004
+0000000000001000
+0000000000001044
+0010000000000040
+0000000002001000
+0000000002000000
+0010000000001040
+0010000000001004
+0010000000001000
+0000000002001004
+0000000002001044
+0000000020003004
+0000000000020040
+0000000000003044
+0000000020000000
+0000000000020000
+0000000000020044
+0000000000021004
+0000000020000040
+0000000000021000
+170abdb4ced53fce
+0b048e69f5c26e54
+0010000000000044
+0000000000000044
+0000000040000000
+0000000060002004
+0000000022001004
+0000008000000004
+54243e2ab1027a17
+0010000002001000
+0010000002001004
+0000000042000000
:0033,SHADERS/COMPUTECULL.SHADER.BIN,CULL_INST_OCCL_STATS
+0000000000000000
:0024,SHADERS/POSTPROCESS.SHADER.BIN,CLEAR
+0000000000000000
:002b,SHADERS/UISCREEN.SHADER.BIN,DEPTHONLY_FRWRD
+0000000000000041
:002a,SHADERS/DEPTHOFFIELD.SHADER.BIN,DILATE_HOR
+0000000000000000
:0021,SHADERS/LIGHT.SHADER.BIN,SUNLIGHT
+0000000000000000
:0025,SHADERS/UISCREEN.SHADER.BIN,LIT_DEFER
+0000000000000041
:0025,SHADERS/POSTPROCESS.SHADER.BIN,HIGH_Z
+0000000000000000
:002d,SHADERS/COMPUTECULL.SHADER.BIN,CULL_INST_OCCL
+0000000000000000
:0024,SHADERS/LIGHT.SHADER.BIN,POINT_R_OUT
+0000000000000000
:0027,SHADERS/UBERSHADER.SHADER.BIN,LIT_DEFER
+0000000001100005
+0000000000000000
+0000000001000005
+0000000000000005
+74db9e5db874ba88
+0000000041100000
+0000000000100007
+0000000000101041
+0000000000141041
+0000000000041041
+0000000000101004
+0010000000141041
+0000000000040041
+0000000000000042
+0010000000040041
+0000000000000040
+0000000000001041
+0000000040141041
+0000000000140041
+5a12ac17751a5007
+00000000e0141041
+0010000040001041
+0010000001000005
+0000000000000041
+0050000001000005
+028a78e9dd8de345
+1ceec6134fc7501d
+5af8546ba5e754ce
+5fb49b959b00ab56
+4dbc0dd2a196b7f8
+30f958d546c5b9a3
+46f4ae0f3f6ea74f
+6f9add74c7e43e1b
+6cf090b39cb2b64a
+01d6ef904bdca253
+1dfc44c343a2880e
+10b6d5b08ce68f49
+574d1ee8574708eb
+6e4e941e8745ea10
+0000000000100040
+0010000000100041
+0ac49cdda2473a1c
+4f577a5a40122c69
+36512dcf56268e43
+0e2faf1fc04ba4a0
+3bad59e22f05d0b4
+5e9184eafcfb90e8
+2608ef3bbef91c97
+089ec2830ff07152
+77e902057ea11092
+247c50620ce57afa
+0000000001000001
+0000000001280005
+0000000001000007
+0000000000000043
+0000000000000002
+0000000001100040
+0000000001280007
+0000000001008005
+00000000a1100005
+0000000000100041
+0000000000101043
+0000000000100042
+0000000000001043
+5a9a55d0c7b37e29
+0000000001100007
+0000000000100043
+0000000801000005
+0000000001200007
+0000000001101007
+0000000001000047
+75162a2d607d42db
+0000000041000047
+0010000001280005
+165033c4534cfb54
+0000000000000051
+66a69bee746eb684
+0000000000000001
+0000000040140041
+0010000000000040
+6cdfb79a63cd4fe5
+0000000041000005
+64bf28d6b06e2731
+0000000040101041
+0000000041000045
+0000000000101040
+5887a982a769ad7f
+0000000001300007
+0000000001200005
+00b947a4a4ff2c73
+0000000001001003
+00000000a0101005
+0000000000000003
+0000000001101005
+0000000000100002
+0a7e28a63d36312b
+0000000801000007
+0000000040100041
+5090cfa379e5e9ed
+0010000000000041
+0000000040140040
+00000000a1101005
+0000000000041040
+5152de75837be256
+0010000000000053
+0000000001380007
+0010000001100007
+0010000000001001
+0000000000000053
+166f9ccc3ac22a17
+0000000000101005
+2ff1c9492fd8abd2
+0010000000101041
+0010000000001043
+0000000000100005
+0010000001000007
+0050000001000007
+0000000800000040
+0050000001380005
+0050000041000005
+0000000020100005
+0000000001000040
+0010000000000001
+0010000001100005
+0000000001108005
+0000000020101001
+0000000000100000
+1e2b2fe5c5cfd188
+6428c5e18190c3ae
+0010000000000051
+0000000040001004
+33ee46549ae3e468
+0010000000000005
+0010000041000005
+0000000041000001
+5167aa139a8f9c21
+0000000800000045
+2f68742aa80bc1ed
+0000000000000045
+0010000041100005
+0010000001108005
+0010000801100005
+0010000801000005
+0010000801104005
+0010000000008005
+0010000841100005
+0010000001101005
+3f963f9fd17e11a7
+2afd54f85960b07f
+0f72f7076c9f3169
+0f13d1733dfa30f0
+7139224e260d593a
+045fce4c3a6b4dec
+0010000800000005
+062e8db2c5066b97
+5a1b9530e765b28c
+6e70888639fd7b15
+5abe1cd327a56f1c
+100aba312fb1987c
+5f2cffc9332bebf8
+3489c1d99c378972
+406f5af92377ee2f
+0a32b87423ea1f5c
+7665003ada114b72
+548d5928b28523a9
+6b50e8d8dc9049a6
+0000000840000005
+3a2e1d900a9b73e2
+0000000840000001
+0010000841000005
+0000020000108005
+25157c0d8b94540b
+217d7a631d11e20a
+0000000001000000
+0000000001000042
+0000000041041005
+0000000841000005
+0000000041101041
+0000000041001001
+0200000801000005
+0010020001108005
+465f5d66eeceb197
+0010000001300005
+0010000801304005
+0010000001304005
+0010000000101001
+0010000000101005
+0000000000101045
+0000000841100005
+42b59836a7008af1
+67c624a29cdf05de
+0000000041100005
+0000000041100045
+5c6d3c0da2822a4c
+0050000001280005
+6842f89e4c654ca1
+1e89678db7bd19e6
+0050000001000001
+0000000001100001
+0000000800000005
+40f5911d52d29043
+70fed011230dee25
+4f3f96f1516fda44
+0050000001280007
+036c815731106222
+3dbcce2e6ab759cb
+3fc283bbfb626e74
+12d05c1d15bf7e95
+3c479a92d16fb95a
+2116497501c9cb73
+5c56f96212704585
+2bf352108422a37b
+0000000040000041
+0000000040001041
+208f13381a72f2fd
+0000000800000041
+0000000801100005
+7cb7d3d83ef3947d
+26b6ee69a34f0239
+0010000001000001
+0010000000001041
+0000000060101000
+0010000041101005
+0010000000041041
+0010000000100040
+0010000001100041
+0000000021101005
+0000000001001001
+0010000040101041
+0050000001100005
+0000000000000007
+0000000001001005
+0000000000101001
+0000000000040051
+00000000a1000045
+20b6c54bebedddc6
+66fd73a007ea5be0
+488341144e1e7479
+0010000001001005
+6818eb68836a958c
+150541d4702eb5eb
+00000000a1100007
+0010000001001007
+0000000000100003
+27d7db26fdb878f7
+0010000001280007
+5e12c8ae5cbad345
+0000000801105005
+48f24444082f3e80
+6f8cdb961bc1536a
+706a288dfba1e53f
+0010000800104005
+0000000801104001
+0000000801104005
+0000000800104005
+0010000801104001
+0000000840100005
+0000000001384005
+6da194eba3816c98
+0210000801000005
+0000020001308005
+1b007b7afa80d9be
+300a1f6cb5b5b0bb
+0040000001000005
+00000000a0100001
+00000000a1000005
+5cca7cd111f778f6
+521a9405aa0b6ff3
+33d61ea8d1360639
+68424cf355c53969
+2d8999114438c095
+0040000001380005
+5415b17f35bcd33c
+0050000001380007
+0000000000001040
+0050000001100007
+51cae02a74efe8bf
+7a6ee91fabccec77
+2b9b717fd2e63c4e
+5b24f448237f7391
+787e3eaf7f50103f
+182fed2a8bcfcae1
+6b2707b64af2206d
+6358601549f80d08
+6bf9083b7097ceef
+06bc6ac4cd6ef4aa
+352458496307985d
+730b44cbe5bdde87
+0753ce186d023998
+045e34d9d20682e4
+62cf7e7080d133f1
+29058fe36cf7be23
+12f88ca4fa0609f6
+4529735722d761d6
+0000000001000004
+0000000000141040
+0000020000000005
+0000000001101045
+0000000040100043
+0000000040101043
+0000000040100005
+0000000040000001
+0000000001100045
+0000000000100004
+569de94c6e699389
+338aed03c932658c
+0000000001304005
+0000000801304005
+0000000001008007
+0000000000001042
+1fb983c432692866
+23e299196b79a488
+554c55418b02effe
+0000000040000005
+5d402875fb758465
+0000000801300005
+4aabae0ccffdfc2e
+7953e7c12961b922
+0000000800000000
+0000000001300005
+373c24e90e30a9e0
+3e5db8425dc8d904
+1b2d52ae1c8a6851
+7d6c8412588c6e61
+6255fe7c6c9cd523
+5cb5216ae26bf247
+0000000000000004
+6c8c16d8da93c21f
+0bad196904b027b5
+00000000a0100041
+11ae9b7a5ddb5efa
+0000000001101041
+0000000040000042
+38e553795832f147
+513dc826bd5e6e54
+0000000001001007
+0000000000001003
+556b489a10e11c40
+0000000001041005
+685dc8d0930f1f77
+0000000001000045
+0000000040001043
+0000000040100042
+0000000040000000
+0000000020100004
+088c897701165bf8
+0000000001001041
+0080000001000005
+0000000001380005
+0000000800001041
+2202627b7ada7810
+784f419c18c6cd23
+4b90174ca2cde130
+740ce89169cc29a4
+4f481fbd579d1a7c
+3eb1688426a1cdb6
+377fc1bbaa9b727b
+79e5ed29d05ed72a
+3f97412d7b69ba04
+0000000001200045
+0000000000040040
+0280000001000007
+0280000801000005
+5028ae4d1a1fa10a
+62c6ad144e958249
+000002000110c005
+00c615f4cea36760
+533371d4d70ace3b
+4e4d2b142ddbe53c
+0000020001108005
+0000000040101001
+3afe817b6aa2f117
+0c5d01e2fec8c445
+6f49ad3652e1004d
+6bafc9164ee341a0
+549c7cc53533a14e
+7c0673c358acbb57
+5dbcd7bb462a2df1
+16015a029b7fe5e0
+20d6e7ba12628956
+0000000000000006
+0000000001000003
+0000000801100007
+0000000041001007
+0000000801000047
+00000000a1000007
+0000000041000007
+4f17f76799efe00d
+70bba4115950a1fd
+64dd5ae885c310bb
+2ad5798f862e3bb7
+0a58f949496f03f3
+42a72b53e04bcb18
+3f4d090a314e616a
+2aebf7038a037abc
+0000000001381007
+6e276173456ccbb6
+5a03578ae37ec53e
+29420a3eef6a074b
+0ca1e55bc792d525
+1a0e59390e35f37d
+64abcf3667bbca20
+0000000000100001
+29491eb014f7e6aa
+0000000001104005
+0000000001100047
+0080000001100005
+051e46df7633967e
+0200000801100005
+0000000100100007
+1cc1d24948e0df2d
+0000020001308007
+4eb5bcbcba602aa7
+1b73754587c79bbc
+0000000020000042
+63629c951bf71733
+0000000040101003
+0000000000008005
+76f465e92923b8b7
+0080000000000005
+5f778fd3127d6340
+2f292d7431a4feec
+551445ce64037bbc
+0080000801000005
+0000000800000007
+0000000801104003
+60a2c5817fa93abe
+001f884e45c403e9
+281a23a6ece5b1a8
:0030,SHADERS/TERRAIN.SHADER.BIN,LIT_DEFER_STC_T_SPLIT
+0000000000000004
:0025,SHADERS/LIGHT.SHADER.BIN,SH_APPLY_GGX
+0000000000000000
:0031,SHADERS/NEWCLOUD.SHADER.BIN,POTATO_QUALITY_CLOUDS
+0000000000000000
:0029,SHADERS/POSTPROCESS.SHADER.BIN,MBLUR_HIGH
+0000000000000000
:0029,SHADERS/ATMOSPHERE.SHADER.BIN,RINGS_ABOVE
+0000000000000000
:002a,SHADERS/MESHWATER.SHADER.BIN,M_BELOW_WATER
+0000000000000000
:0031,SHADERS/TERRAIN.SHADER.BIN,LIT_DEF_F_STH_N_FACING
+0000000000000004
:0023,SHADERS/LIGHT.SHADER.BIN,SPOT_R_OUT
+0000000000000000
:0023,SHADERS/LIGHT.SHADER.BIN,SPOT_K_OUT
+0000000000000000
:0027,SHADERS/LIGHT.SHADER.BIN,SUN_SHADOW_GGX
+0000000000000000
:0022,SHADERS/DEBUG.SHADER.BIN,HEX_SPLIT
+0000000000000000
:0026,SHADERS/TERRAIN.SHADER.BIN,SHADOW_FADE
+0000000000000004
:0028,SHADERS/GENMIPMAP.SHADER.BIN,COMPRESSBC1
+0000000000000000
:0026,SHADERS/LIGHT.SHADER.BIN,SPOT_R_CK_OUT
+0000000000000000
:0029,SHADERS/PSTREAM.SHADER.BIN,PSTREAM_SYSTEM
+0000000000000000
:0025,SHADERS/LIGHT.SHADER.BIN,SPOT_L_CK_IN
+0000000000000000
:0025,SHADERS/DEBUG.SHADER.BIN,QUAD_COMBINE
+0000000000000000
:0027,SHADERS/LIGHT.SHADER.BIN,SPOT_R_VOL_OUT
+0000000000000000
:002a,SHADERS/POSTPROCESS.SHADER.BIN,DOWN_8TAP_W
+0000000000000000
:002a,SHADERS/POSTPROCESS.SHADER.BIN,GUASS_5_SQR
+0000000000000000
:002b,SHADERS/POSTPROCESS.SHADER.BIN,COMBINE_ACES
+0000000000000000
:002c,SHADERS/NEWCLOUD.SHADER.BIN,REFLECTED_CLOUDS
+0000000000000000
:003a,SHADERS/POSTPROCESS.SHADER.BIN,DEPTH_AWARE_H_REDONLY_GUASS
+0000000000000000
:0023,SHADERS/DEBUG.SHADER.BIN,SHADOW_VIS
+0000000000000000
:0020,SHADERS/LINE3D.SHADER.BIN,LINE3D
+0000000000000000
:002b,SHADERS/POSTPROCESS.SHADER.BIN,GUASS_9_HALF
+0000000000000000
:002d,SHADERS/POSTPROCESS.SHADER.BIN,FFX_RCASHARPEN
+0000000000000000
:0033,SHADERS/POSTPROCESS.SHADER.BIN,DPTH_LN_CPY_WRT_DPTH
+0000000000000000
:0028,SHADERS/LIGHT.SHADER.BIN,POINT_Q_VOL_OUT
+0000000000000000
:0029,SHADERS/POSTPROCESS.SHADER.BIN,DOWNSAMPLE
+0000000000000000
:002e,SHADERS/POSTPROCESS.SHADER.BIN,FLAT2FACE_PROBE
+0000000000000000
:0030,SHADERS/TERRAIN.SHADER.BIN,LIT_DEF_F_STH_T_SPLIT
+0000000000000004
:0028,SHADERS/POSTPROCESS.SHADER.BIN,MBLUR_ULT
+0000000000000000
:002a,SHADERS/GALACTICFSFX.SHADER.BIN,FOREGROUND
+0000000000000000
:0038,SHADERS/POSTPROCESS.SHADER.BIN,WTR_BLTRL_DST_BLND_UPSMPL
+0000000000000000
:0026,SHADERS/POSTPROCESS.SHADER.BIN,GUASS_9
+0000000000000000
:001c,SHADERS/UI.SHADER.BIN,BINOCS
+0000000000000000
:002a,SHADERS/IMAGEBASEDLIGHTING.SHADER.BIN,HDRI
+0000000000000000
:0028,SHADERS/LIGHT.SHADER.BIN,POINT_R_OUT_GGX
+0000000000000000
:0026,SHADERS/POSTPROCESS.SHADER.BIN,GUASS_7
+0000000000000000
:0025,SHADERS/SCREEN.SHADER.BIN,SHADOW_FADE
+0000000000000041
+0000000000000043
+0000000000000001
:003a,SHADERS/POSTPROCESS.SHADER.BIN,DEPTH_AWARE_V_REDONLY_GUASS
+0000000000000000
:002e,SHADERS/POSTPROCESS.SHADER.BIN,FX_COMBINE_LITE
+0000000000000000
:0029,SHADERS/NEWCLOUD.SHADER.BIN,CLOUDS_BLUR_V
+0000000000000000
:002a,SHADERS/TEXTURE.SHADER.BIN,COMBINE_TERRAIN
+0000000000000000
:0024,SHADERS/LIGHT.SHADER.BIN,POINT_K_OUT
+0000000000000000
:002c,SHADERS/UBERSHADER.SHADER.BIN,LIT_FRWD_NS_NP
+0000000001100005
+0000000000000000
+0000000001000005
+0000000000000005
+74db9e5db874ba88
+0000000041100000
+0000000000100007
+0000000000101041
+0000000000141041
+0000000000041041
+0000000000101004
+0010000000141041
+0000000000040041
+0000000000000042
+0010000000040041
+0000000000000040
+0000000000001041
+0000000040141041
+0000000000140041
+5a12ac17751a5007
+00000000e0141041
+0010000040001041
+0010000001000005
+0000000000000041
+0050000001000005
+028a78e9dd8de345
+1ceec6134fc7501d
+5af8546ba5e754ce
+5fb49b959b00ab56
+4dbc0dd2a196b7f8
+30f958d546c5b9a3
+46f4ae0f3f6ea74f
+6f9add74c7e43e1b
+6cf090b39cb2b64a
+01d6ef904bdca253
+1dfc44c343a2880e
+10b6d5b08ce68f49
+574d1ee8574708eb
+6e4e941e8745ea10
+0000000000100040
+0010000000100041
+0ac49cdda2473a1c
+4f577a5a40122c69
+36512dcf56268e43
+0e2faf1fc04ba4a0
+3bad59e22f05d0b4
+5e9184eafcfb90e8
+2608ef3bbef91c97
+089ec2830ff07152
+77e902057ea11092
+247c50620ce57afa
+0000000001000001
+0000000001280005
+0000000001000007
+0000000000000043
+0000000000000002
+0000000001100040
+0000000001280007
+0000000001008005
+00000000a1100005
+0000000000100041
+0000000000101043
+0000000000100042
+0000000000001043
+5a9a55d0c7b37e29
+0000000001100007
+0000000000100043
+0000000801000005
+0000000001200007
+0000000001101007
+0000000001000047
+75162a2d607d42db
+0000000041000047
+0010000001280005
+165033c4534cfb54
+0000000000000051
+66a69bee746eb684
+0000000000000001
+0000000040140041
+0010000000000040
+6cdfb79a63cd4fe5
+0000000041000005
+64bf28d6b06e2731
+0000000040101041
+0000000041000045
+0000000000101040
+5887a982a769ad7f
+0000000001300007
+0000000001200005
+00b947a4a4ff2c73
+0000000001001003
+00000000a0101005
+0000000000000003
+0000000001101005
+0000000000100002
+0a7e28a63d36312b
+0000000801000007
+0000000040100041
+5090cfa379e5e9ed
+0010000000000041
+0000000040140040
+00000000a1101005
+0000000000041040
+5152de75837be256
+0010000000000053
+0010000001100007
+0000000001380007
+0010000000001001
+0000000000000053
+166f9ccc3ac22a17
+0000000000101005
+2ff1c9492fd8abd2
+0010000000101041
+0010000000001043
+0000000000100005
+0010000001000007
+0050000001000007
+0000000800000040
+0050000001380005
+0050000041000005
+0000000020100005
+0000000001000040
+0010000001100005
+0010000000000001
+0000000001108005
+0000000020101001
+0000000000100000
+1e2b2fe5c5cfd188
+6428c5e18190c3ae
+0010000000000051
+0000000040001004
+33ee46549ae3e468
+0010000000000005
+0010000041000005
+0000000041000001
+5167aa139a8f9c21
+0000000800000045
+2f68742aa80bc1ed
+0000000000000045
+0010000041100005
+0010000001108005
+0010000801100005
+0010000801000005
+0010000801104005
+0010000000008005
+0010000841100005
+0010000001101005
+3f963f9fd17e11a7
+2afd54f85960b07f
+0f72f7076c9f3169
+0f13d1733dfa30f0
+7139224e260d593a
+045fce4c3a6b4dec
+0010000800000005
+062e8db2c5066b97
+5a1b9530e765b28c
+6e70888639fd7b15
+5abe1cd327a56f1c
+100aba312fb1987c
+5f2cffc9332bebf8
+3489c1d99c378972
+406f5af92377ee2f
+0a32b87423ea1f5c
+7665003ada114b72
+548d5928b28523a9
+6b50e8d8dc9049a6
+0000000840000005
+3a2e1d900a9b73e2
+0000000840000001
+0010000841000005
+0000020000108005
+25157c0d8b94540b
+217d7a631d11e20a
+0000000001000000
+0000000001000042
+0000000041041005
+0000000841000005
+0000000041101041
+0000000041001001
+0200000801000005
+0010020001108005
+465f5d66eeceb197
+0010000001300005
+0010000801304005
+0010000001304005
+0010000000101001
+0010000000101005
+0000000000101045
+0000000841100005
+42b59836a7008af1
+67c624a29cdf05de
+0000000041100005
+0000000041100045
+5c6d3c0da2822a4c
+0050000001280005
+6842f89e4c654ca1
+1e89678db7bd19e6
+0050000001000001
+0000000001100001
+0000000800000005
+40f5911d52d29043
+70fed011230dee25
+4f3f96f1516fda44
+0050000001280007
+036c815731106222
+3dbcce2e6ab759cb
+3fc283bbfb626e74
+12d05c1d15bf7e95
+3c479a92d16fb95a
+2116497501c9cb73
+5c56f96212704585
+2bf352108422a37b
+0000000040000041
+0000000040001041
+208f13381a72f2fd
+0000000800000041
+0000000801100005
+7cb7d3d83ef3947d
+26b6ee69a34f0239
+0010000001000001
+0010000000001041
+0000000060101000
+0010000041101005
+0010000000041041
+0010000000100040
+0010000001100041
+0000000021101005
+0000000001001001
+0010000040101041
+0050000001100005
+0000000000000007
+0000000001001005
+0000000000101001
+0000000000040051
+00000000a1000045
+20b6c54bebedddc6
+66fd73a007ea5be0
+488341144e1e7479
+0010000001001005
+6818eb68836a958c
+150541d4702eb5eb
+00000000a1100007
+0010000001001007
+0000000000100003
+27d7db26fdb878f7
+0010000001280007
+5e12c8ae5cbad345
+0000000801105005
+48f24444082f3e80
+6f8cdb961bc1536a
+706a288dfba1e53f
+0010000800104005
+0000000801104001
+0000000801104005
+0000000800104005
+0010000801104001
+0000000840100005
+0000000001384005
+6da194eba3816c98
+0210000801000005
+0000020001308005
+1b007b7afa80d9be
+300a1f6cb5b5b0bb
+0040000001000005
+00000000a0100001
+00000000a1000005
+5cca7cd111f778f6
+521a9405aa0b6ff3
+33d61ea8d1360639
+68424cf355c53969
+2d8999114438c095
+0040000001380005
+5415b17f35bcd33c
+0050000001380007
+0000000000001040
+0050000001100007
+51cae02a74efe8bf
+7a6ee91fabccec77
+2b9b717fd2e63c4e
+5b24f448237f7391
+787e3eaf7f50103f
+182fed2a8bcfcae1
+6b2707b64af2206d
+6358601549f80d08
+6bf9083b7097ceef
+06bc6ac4cd6ef4aa
+352458496307985d
+730b44cbe5bdde87
+0753ce186d023998
+045e34d9d20682e4
+62cf7e7080d133f1
+29058fe36cf7be23
+12f88ca4fa0609f6
+4529735722d761d6
+0000000001000004
+0000000000141040
+0000020000000005
+0000000001101045
+0000000040100043
+0000000040101043
+0000000040100005
+0000000040000001
+0000000001100045
+0000000000100004
+569de94c6e699389
+338aed03c932658c
+0000000001304005
+0000000801304005
+0000000001008007
+0000000000001042
+1fb983c432692866
+23e299196b79a488
+554c55418b02effe
+0000000040000005
+5d402875fb758465
+0000000801300005
+4aabae0ccffdfc2e
+7953e7c12961b922
+0000000800000000
+0000000001300005
+373c24e90e30a9e0
+3e5db8425dc8d904
+1b2d52ae1c8a6851
+7d6c8412588c6e61
+6255fe7c6c9cd523
+5cb5216ae26bf247
+0000000000000004
+6c8c16d8da93c21f
+0bad196904b027b5
+00000000a0100041
+11ae9b7a5ddb5efa
+0000000001101041
+0000000040000042
+38e553795832f147
+513dc826bd5e6e54
+0000000001001007
+0000000000001003
+556b489a10e11c40
+0000000001041005
+685dc8d0930f1f77
+0000000001000045
+0000000040001043
+0000000040100042
+0000000040000000
+0000000020100004
+088c897701165bf8
+0000000001001041
+0080000001000005
+0000000001380005
+0000000800001041
+2202627b7ada7810
+784f419c18c6cd23
+4b90174ca2cde130
+740ce89169cc29a4
+4f481fbd579d1a7c
+3eb1688426a1cdb6
+377fc1bbaa9b727b
+79e5ed29d05ed72a
+3f97412d7b69ba04
+0000000001200045
+0000000000040040
+0280000001000007
+0280000801000005
+5028ae4d1a1fa10a
+62c6ad144e958249
+000002000110c005
+00c615f4cea36760
+533371d4d70ace3b
+4e4d2b142ddbe53c
+0000020001108005
+0000000040101001
+3afe817b6aa2f117
+0c5d01e2fec8c445
+6f49ad3652e1004d
+6bafc9164ee341a0
+549c7cc53533a14e
+7c0673c358acbb57
+5dbcd7bb462a2df1
+16015a029b7fe5e0
+20d6e7ba12628956
+0000000000000006
+0000000001000003
+0000000801100007
+0000000041001007
+0000000801000047
+00000000a1000007
+0000000041000007
+4f17f76799efe00d
+70bba4115950a1fd
+64dd5ae885c310bb
+2ad5798f862e3bb7
+0a58f949496f03f3
+42a72b53e04bcb18
+3f4d090a314e616a
+2aebf7038a037abc
+0000000001381007
+6e276173456ccbb6
+5a03578ae37ec53e
+29420a3eef6a074b
+0ca1e55bc792d525
+1a0e59390e35f37d
+64abcf3667bbca20
+0000000000100001
+29491eb014f7e6aa
+0000000001104005
+0000000001100047
+0080000001100005
+051e46df7633967e
+0200000801100005
+0000000100100007
+1cc1d24948e0df2d
+0000020001308007
+4eb5bcbcba602aa7
+1b73754587c79bbc
+0000000020000042
+63629c951bf71733
+0000000040101003
+0000000000008005
+76f465e92923b8b7
+0080000000000005
+5f778fd3127d6340
+2f292d7431a4feec
+551445ce64037bbc
+0080000801000005
+0000000800000007
+0000000801104003
+60a2c5817fa93abe
+001f884e45c403e9
+281a23a6ece5b1a8
:0037,SHADERS/IMAGEBASEDLIGHTING.SHADER.BIN,INTEGRATE_DIFFUSE
+0000000000000000
:002b,SHADERS/LIGHT.SHADER.BIN,SUNLIGHT_SPLT_SCAN
+0000000000000000
:002f,SHADERS/NEWCLOUD.SHADER.BIN,HIGH_QUALITY_CLOUDS
+0000000000000000
:002a,SHADERS/UISCREEN.SHADER.BIN,LIT_FRWD_NS_NP
+0000000000000041
:002b,SHADERS/PARTICLE.SHADER.BIN,HEAVYAIR_R_SOFT
+0000000000000004
+0000000000003040
+0000000000000000
+0000000000000040
+0000000000001040
+0000000020000004
+0000000020001004
+0000000040000040
+0000000040001040
+0000000000001004
+0000000040002040
+0000000000003000
+0000000000020004
+4388f698a6072390
+0000000000003004
+0000000000001000
+0000000000001044
+0010000000000040
+0000000002001000
+0000000002000000
+0010000000001040
+0010000000001004
+0010000000001000
+0000000002001004
+0000000002001044
+0000000020003004
+0000000000020040
+0000000000003044
+0000000020000000
+0000000000020000
+0000000000020044
+0000000000021004
+0000000020000040
+0000000000021000
+170abdb4ced53fce
+0b048e69f5c26e54
+0010000000000044
+0000000000000044
+0000000040000000
+0000000060002004
+0000000022001004
+0000008000000004
+54243e2ab1027a17
+0010000002001000
+0010000002001004
+0000000042000000
:0022,SHADERS/LIGHT.SHADER.BIN,SPOT_K_IN
+0000000000000000
:0032,SHADERS/POSTPROCESS.SHADER.BIN,SCREEN_BLT_UP_WRMAP
+0000000000000000
:0032,SHADERS/POSTPROCESS.SHADER.BIN,DPTH_RV2LN_WRT_DPTH
+0000000000000000
:002d,SHADERS/POSTPROCESS.SHADER.BIN,PARTICLE_BLEND
+0000000000000000
:0029,SHADERS/POSTPROCESS.SHADER.BIN,CLEAR_ZERO
+0000000000000000
:0033,SHADERS/UBERSHADER.SHADER.BIN,LIT_FORWARD_WITH_MASK
+0000000001100005
+0000000000000000
+0000000001000005
+0000000000000005
+74db9e5db874ba88
+0000000041100000
+0000000000100007
+0000000000101041
+0000000000141041
+0000000000041041
+0000000000101004
+0010000000141041
+0000000000040041
+0000000000000042
+0010000000040041
+0000000000000040
+0000000000001041
+0000000040141041
+0000000000140041
+5a12ac17751a5007
+00000000e0141041
+0010000040001041
+0010000001000005
+0000000000000041
+0050000001000005
+028a78e9dd8de345
+1ceec6134fc7501d
+5af8546ba5e754ce
+5fb49b959b00ab56
+4dbc0dd2a196b7f8
+30f958d546c5b9a3
+46f4ae0f3f6ea74f
+6f9add74c7e43e1b
+6cf090b39cb2b64a
+01d6ef904bdca253
+1dfc44c343a2880e
+10b6d5b08ce68f49
+574d1ee8574708eb
+6e4e941e8745ea10
+0000000000100040
+0010000000100041
+0ac49cdda2473a1c
+4f577a5a40122c69
+36512dcf56268e43
+0e2faf1fc04ba4a0
+3bad59e22f05d0b4
+5e9184eafcfb90e8
+2608ef3bbef91c97
+089ec2830ff07152
+77e902057ea11092
+247c50620ce57afa
+0000000001000001
+0000000001280005
+0000000001000007
+0000000000000043
+0000000000000002
+0000000001100040
+0000000001280007
+0000000001008005
+00000000a1100005
+0000000000100041
+0000000000101043
+0000000000100042
+0000000000001043
+0010000001280005
+0010000000000053
+5a9a55d0c7b37e29
+0000000001100007
+0000000000100043
+0000000801000005
+0000000001200007
+0000000001101007
+0000000001000047
+75162a2d607d42db
+0000000041000047
+165033c4534cfb54
+0000000000000051
+66a69bee746eb684
+0000000000000001
+0000000040140041
+0010000000000040
+6cdfb79a63cd4fe5
+0000000041000005
+64bf28d6b06e2731
+0000000040101041
+0000000041000045
+0000000000101040
+5887a982a769ad7f
+0000000001300007
+0000000001200005
+00b947a4a4ff2c73
+0000000001001003
+00000000a0101005
+0000000000000003
+0000000001101005
+0000000000100002
+0a7e28a63d36312b
+0000000801000007
+0000000040100041
+5090cfa379e5e9ed
+0010000000000041
+0000000040140040
+00000000a1101005
+0000000000041040
+5152de75837be256
+0010000001100007
+0000000001380007
+0010000000001001
+0000000000000053
+166f9ccc3ac22a17
+0000000000101005
+2ff1c9492fd8abd2
+0010000000101041
+0010000000001043
+0000000000100005
+0010000001000007
+0050000001000007
+0000000800000040
+0050000001380005
+0050000041000005
+0000000020100005
+0000000001000040
+0010000001100005
+0010000000000001
+0000000001108005
+0000000020101001
+0000000000100000
+1e2b2fe5c5cfd188
+6428c5e18190c3ae
+0010000000000051
+0000000040001004
+33ee46549ae3e468
+0010000000000005
+0010000041000005
+0000000041000001
+5167aa139a8f9c21
+0000000800000045
+2f68742aa80bc1ed
+0000000000000045
+0010000041100005
+0010000001108005
+0010000801100005
+0010000801000005
+0010000801104005
+0010000000008005
+0010000841100005
+0010000001101005
+3f963f9fd17e11a7
+2afd54f85960b07f
+0f72f7076c9f3169
+0f13d1733dfa30f0
+7139224e260d593a
+045fce4c3a6b4dec
+0010000800000005
+062e8db2c5066b97
+5a1b9530e765b28c
+6e70888639fd7b15
+5abe1cd327a56f1c
+100aba312fb1987c
+5f2cffc9332bebf8
+3489c1d99c378972
+406f5af92377ee2f
+0a32b87423ea1f5c
+7665003ada114b72
+548d5928b28523a9
+6b50e8d8dc9049a6
+0000000840000005
+3a2e1d900a9b73e2
+0000000840000001
+0010000841000005
+0000020000108005
+25157c0d8b94540b
+217d7a631d11e20a
+0000000001000000
+0000000001000042
+0000000041041005
+0000000841000005
+0000000041101041
+0000000041001001
+0200000801000005
+0010020001108005
+465f5d66eeceb197
+0010000001300005
+0010000801304005
+0010000001304005
+0010000000101001
+0010000000101005
+0000000000101045
+0000000841100005
+42b59836a7008af1
+67c624a29cdf05de
+0000000041100005
+0000000041100045
+5c6d3c0da2822a4c
+0050000001280005
+6842f89e4c654ca1
+1e89678db7bd19e6
+0050000001000001
+0000000001100001
+0000000800000005
+40f5911d52d29043
+70fed011230dee25
+4f3f96f1516fda44
+0050000001280007
+036c815731106222
+3dbcce2e6ab759cb
+3fc283bbfb626e74
+12d05c1d15bf7e95
+3c479a92d16fb95a
+2116497501c9cb73
+5c56f96212704585
+2bf352108422a37b
+0000000040000041
+0000000040001041
+208f13381a72f2fd
+0000000800000041
+0000000801100005
+7cb7d3d83ef3947d
+26b6ee69a34f0239
+0010000001000001
+0010000000001041
+0000000060101000
+0010000041101005
+0010000000041041
+0010000000100040
+0010000001100041
+0000000021101005
+0000000001001001
+0010000040101041
+0050000001100005
+0000000000000007
+0000000001001005
+0000000000101001
+0000000000040051
+00000000a1000045
+20b6c54bebedddc6
+66fd73a007ea5be0
+488341144e1e7479
+0010000001001005
+150541d4702eb5eb
+6818eb68836a958c
+00000000a1100007
+0010000001001007
+0000000000100003
+27d7db26fdb878f7
+0010000001280007
+5e12c8ae5cbad345
+0000000801105005
+48f24444082f3e80
+6f8cdb961bc1536a
+706a288dfba1e53f
+0010000800104005
+0000000801104001
+0000000801104005
+0000000800104005
+0010000801104001
+0000000840100005
+0000000001384005
+6da194eba3816c98
+0210000801000005
+0000020001308005
+1b007b7afa80d9be
+300a1f6cb5b5b0bb
+0040000001000005
+00000000a0100001
+00000000a1000005
+5cca7cd111f778f6
+521a9405aa0b6ff3
+33d61ea8d1360639
+68424cf355c53969
+2d8999114438c095
+0040000001380005
+5415b17f35bcd33c
+0050000001380007
+0000000000001040
+0050000001100007
+51cae02a74efe8bf
+7a6ee91fabccec77
+2b9b717fd2e63c4e
+5b24f448237f7391
+787e3eaf7f50103f
+182fed2a8bcfcae1
+6b2707b64af2206d
+6358601549f80d08
+6bf9083b7097ceef
+06bc6ac4cd6ef4aa
+352458496307985d
+730b44cbe5bdde87
+0753ce186d023998
+045e34d9d20682e4
+62cf7e7080d133f1
+29058fe36cf7be23
+12f88ca4fa0609f6
+4529735722d761d6
+0000000001000004
+0000000000141040
+0000020000000005
+0000000001101045
+0000000040100043
+0000000040101043
+0000000040100005
+0000000040000001
+0000000001100045
+0000000000100004
+569de94c6e699389
+338aed03c932658c
+0000000001304005
+0000000801304005
+0000000001008007
+0000000000001042
+1fb983c432692866
+23e299196b79a488
+554c55418b02effe
+0000000040000005
+5d402875fb758465
+0000000801300005
+4aabae0ccffdfc2e
+7953e7c12961b922
+0000000800000000
+0000000001300005
+373c24e90e30a9e0
+3e5db8425dc8d904
+1b2d52ae1c8a6851
+7d6c8412588c6e61
+6255fe7c6c9cd523
+5cb5216ae26bf247
+0000000000000004
+6c8c16d8da93c21f
+0bad196904b027b5
+00000000a0100041
+11ae9b7a5ddb5efa
+0000000001101041
+0000000040000042
+38e553795832f147
+513dc826bd5e6e54
+0000000001001007
+0000000000001003
+556b489a10e11c40
+0000000001041005
+685dc8d0930f1f77
+0000000001000045
+0000000040001043
+0000000040100042
+0000000040000000
+0000000020100004
+088c897701165bf8
+0000000001001041
+0080000001000005
+0000000001380005
+0000000800001041
+2202627b7ada7810
+784f419c18c6cd23
+4b90174ca2cde130
+740ce89169cc29a4
+4f481fbd579d1a7c
+3eb1688426a1cdb6
+377fc1bbaa9b727b
+79e5ed29d05ed72a
+3f97412d7b69ba04
+0000000001200045
+0000000000040040
+0280000001000007
+0280000801000005
+5028ae4d1a1fa10a
+62c6ad144e958249
+000002000110c005
+00c615f4cea36760
+533371d4d70ace3b
+4e4d2b142ddbe53c
+0000020001108005
+0000000040101001
+3afe817b6aa2f117
+0c5d01e2fec8c445
+6f49ad3652e1004d
+6bafc9164ee341a0
+549c7cc53533a14e
+7c0673c358acbb57
+5dbcd7bb462a2df1
+16015a029b7fe5e0
+20d6e7ba12628956
+0000000000000006
+0000000001000003
+0000000801100007
+0000000041001007
+0000000801000047
+00000000a1000007
+0000000041000007
+4f17f76799efe00d
+70bba4115950a1fd
+64dd5ae885c310bb
+2ad5798f862e3bb7
+0a58f949496f03f3
+42a72b53e04bcb18
+3f4d090a314e616a
+2aebf7038a037abc
+0000000001381007
+6e276173456ccbb6
+5a03578ae37ec53e
+29420a3eef6a074b
+0ca1e55bc792d525
+1a0e59390e35f37d
+64abcf3667bbca20
+0000000000100001
+29491eb014f7e6aa
+0000000001104005
+0000000001100047
+0080000001100005
+051e46df7633967e
+0200000801100005
+0000000100100007
+1cc1d24948e0df2d
+0000020001308007
+4eb5bcbcba602aa7
+1b73754587c79bbc
+0000000020000042
+63629c951bf71733
+0000000040101003
+0000000000008005
+76f465e92923b8b7
+0080000000000005
+5f778fd3127d6340
+2f292d7431a4feec
+551445ce64037bbc
+0080000801000005
+0000000800000007
+0000000801104003
+60a2c5817fa93abe
+001f884e45c403e9
+281a23a6ece5b1a8
:0028,SHADERS/PSTREAM.SHADER.BIN,PSTREAM_CARDS
+0000000000000000
:002d,SHADERS/DEPTHOFFIELD.SHADER.BIN,BLEND_INVSRCA
+0000000000000000
:0025,SHADERS/UI.SHADER.BIN,BLENDED_EFFECTS
+0000000000000000
:0026,SHADERS/LIGHT.SHADER.BIN,SPOT_R_IN_GGX
+0000000000000000
:0033,SHADERS/POSTPROCESS.SHADER.BIN,DOWNSMP_DEPTH_SPREAD
+0000000000000000
:002f,SHADERS/SCREEN.SHADER.BIN,LIT_FORWARD_WITH_MASK
+0000000000000041
+0000000000000043
+0000000000000001
:002c,SHADERS/POSTPROCESS.SHADER.BIN,BLOOM_RESOLVE
+0000000000000000
:0023,SHADERS/LIGHT.SHADER.BIN,SCATTERING
+0000000000000000
:0026,SHADERS/LIGHT.SHADER.BIN,SUN_SPLIT_GGX
+0000000000000000
:0035,SHADERS/MESHWATER.SHADER.BIN,INSTANCE_MESH_WATER_MASK
+0000000000000000
:002d,SHADERS/POSTPROCESS.SHADER.BIN,MOTIONDILATE_V
+0000000000000000
:0032,SHADERS/POSTPROCESS.SHADER.BIN,FX_COMBINE_LITE_HDR
+0000000000000000
:002a,SHADERS/DEFERREDDECAL.SHADER.BIN,LIT_DEFER
+0000000000000001
+0000000001000005
+0000000001000001
+0010000000000001
+0000000000000005
+64a11a980b950631
+4bd3c602e7e49555
:002e,SHADERS/POSTPROCESS.SHADER.BIN,BRIGHTPASS_COPY
+0000000000000000
:0024,SHADERS/LIGHT.SHADER.BIN,POINT_L_OUT
+0000000000000000
:0024,SHADERS/POSTPROCESS.SHADER.BIN,CAS32
+0000000000000000
:002e,SHADERS/POSTPROCESS.SHADER.BIN,PT_BL_UPS_REACT
+0000000000000000
:002f,SHADERS/MESHWATER.SHADER.BIN,MESH_WATER_ST_BACK
+0000000000000000
:002e,SHADERS/POSTPROCESS.SHADER.BIN,OCCL_HIGH_APPLY
+0000000000000000
:0024,SHADERS/LENSFLARE.SHADER.BIN,COMBINE
+0000000000000000
:0026,SHADERS/MESHWATER.SHADER.BIN,M_SCATTER
+0000000000000000
:0030,SHADERS/IMAGEBASEDLIGHTING.SHADER.BIN,DUALP_DOWN
+0000000000000000
:0027,SHADERS/LIGHT.SHADER.BIN,POINT_K_IN_GGX
+0000000000000000
:0027,SHADERS/LIGHT.SHADER.BIN,SPOT_Q_VOL_OUT
+0000000000000000
:002d,SHADERS/POSTPROCESS.SHADER.BIN,MOTIONRES_TERR
+0000000000000000
:0023,SHADERS/TRAIL.SHADER.BIN,LIGHTING_R
+0000000000000000
+0000000040002000
:0032,SHADERS/POSTPROCESS.SHADER.BIN,DOWNSAMPLE_DPTH_WTR
+0000000000000000
:002d,SHADERS/LENSFLARE.SHADER.BIN,COMBINE_TO_ALPHA
+0000000000000000
:0023,SHADERS/LIGHT.SHADER.BIN,SPOT_L_OUT
+0000000000000000
:0021,SHADERS/DEBUG.SHADER.BIN,TEXTURED
+0000000000000000
:0027,SHADERS/LIGHT.SHADER.BIN,POINT_Q_IN_GGX
+0000000000000000
:0036,SHADERS/POSTPROCESS.SHADER.BIN,DOWNSAMPLE_GBUFFERDEPTH
+0000000000000000
:002c,SHADERS/POSTPROCESS.SHADER.BIN,DD_SPREAD_DZM
+0000000000000000
:0022,SHADERS/UI.SHADER.BIN,SCREENEFFECT
+0000000000000000
:0023,SHADERS/LIGHT.SHADER.BIN,POINT_K_IN
+0000000000000000
:001f,SHADERS/DEBUG.SHADER.BIN,ALBEDO
+0000000000000000
:003d,SHADERS/POSTPROCESS.SHADER.BIN,DEPTH_AWARE_VGAUSS_SHAFT_APPLY
+0000000000000000
:0038,SHADERS/PARTICLE.SHADER.BIN,GPU_RENDER_TRNSLCNT_ADDITIVE
+0000000000000004
+0000000000003040
+0000000000000000
+0000000000000040
+0000000000001040
+0000000020000004
+0000000020001004
+0000000040000040
+0000000040001040
+0000000000001004
+0000000040002040
+0000000000003000
+0000000000020004
+4388f698a6072390
+0000000000003004
+0000000000001000
+0000000000001044
+0010000000000040
+0000000002001000
+0000000002000000
+0010000000001040
+0010000000001004
+0010000000001000
+0000000002001004
+0000000002001044
+0000000020003004
+0000000000020040
+0000000000003044
+0000000020000000
+0000000000020000
+0000000000020044
+0000000000021004
+0000000020000040
+0000000000021000
+170abdb4ced53fce
+0b048e69f5c26e54
+0010000000000044
+0000000000000044
+0000000040000000
+0000000060002004
+0000000022001004
+0000008000000004
+54243e2ab1027a17
+0010000002001000
+0010000002001004
+0000000042000000
:002d,SHADERS/POSTPROCESS.SHADER.BIN,PARTICLE_CLEAR
+0000000000000000
:002a,SHADERS/UBERSHADER.SHADER.BIN,GEN_IMPOSTER
+0000000001100005
+0000000000000000
+0000000001000005
+0000000000000005
+74db9e5db874ba88
+0000000041100000
+0000000000100007
+0000000000101041
+0000000000141041
+0000000000041041
+0000000000101004
+0010000000141041
+0000000000040041
+0000000000000042
+0010000000040041
+0000000000000040
+0000000000001041
+0000000040141041
+0000000000140041
+5a12ac17751a5007
+00000000e0141041
+0010000040001041
+0010000001000005
+0000000000000041
+0050000001000005
+028a78e9dd8de345
+1ceec6134fc7501d
+5af8546ba5e754ce
+5fb49b959b00ab56
+4dbc0dd2a196b7f8
+30f958d546c5b9a3
+46f4ae0f3f6ea74f
+6f9add74c7e43e1b
+6cf090b39cb2b64a
+01d6ef904bdca253
+1dfc44c343a2880e
+10b6d5b08ce68f49
+574d1ee8574708eb
+6e4e941e8745ea10
+0000000000100040
+0010000000100041
+0ac49cdda2473a1c
+4f577a5a40122c69
+36512dcf56268e43
+0e2faf1fc04ba4a0
+3bad59e22f05d0b4
+5e9184eafcfb90e8
+2608ef3bbef91c97
+089ec2830ff07152
+77e902057ea11092
+247c50620ce57afa
+0000000001000001
+0000000001000007
+0000000001280005
+0000000000000043
+0000000000000002
+0000000001100040
+0000000000101043
+0000000000100042
+0000000000001043
+0000000001280007
+0000000001100007
+0000000000100043
+0000000801000005
+0000000001200007
+0000000001101007
+0000000001000047
+75162a2d607d42db
+0000000041000047
+0010000001280005
+00000000a1100005
+165033c4534cfb54
+0000000000000051
+66a69bee746eb684
+0000000000000001
+0000000040140041
+0010000000000040
+6cdfb79a63cd4fe5
+0000000041000005
+64bf28d6b06e2731
+0000000040101041
+0000000041000045
+0000000001008005
+0000000000101040
+5887a982a769ad7f
+0000000000100041
+0000000001300007
+0000000001200005
+00b947a4a4ff2c73
+0000000001001003
+00000000a0101005
+5a9a55d0c7b37e29
+0000000000000003
+0000000001101005
+0000000000100002
+0a7e28a63d36312b
+0000000801000007
+0000000040100041
+5090cfa379e5e9ed
+0010000000000041
+0000000040140040
+00000000a1101005
+0000000000041040
+5152de75837be256
+0010000000000053
+0000000001380007
+0010000001100007
+0010000000001001
+0000000000000053
+166f9ccc3ac22a17
+0000000000101005
+2ff1c9492fd8abd2
+0010000000101041
+0010000000001043
+0000000000100005
+0010000001000007
+0050000001000007
+0000000800000040
+0050000001380005
+0050000041000005
+0000000020100005
+0000000001000040
+0010000000000001
+0010000001100005
+0000000001108005
+0000000020101001
+0000000000100000
+1e2b2fe5c5cfd188
+6428c5e18190c3ae
+0010000000000051
+0000000040001004
+33ee46549ae3e468
+0010000000000005
+0010000041000005
+0000000041000001
+5167aa139a8f9c21
+0000000800000045
+2f68742aa80bc1ed
+0000000000000045
+0010000041100005
+0010000001108005
+0010000801100005
+0010000801000005
+0010000801104005
+0010000000008005
+0010000841100005
+0010000001101005
+3f963f9fd17e11a7
+2afd54f85960b07f
+0f72f7076c9f3169
+0f13d1733dfa30f0
+7139224e260d593a
+045fce4c3a6b4dec
+0010000800000005
+062e8db2c5066b97
+5a1b9530e765b28c
+6e70888639fd7b15
+5abe1cd327a56f1c
+100aba312fb1987c
+5f2cffc9332bebf8
+3489c1d99c378972
+406f5af92377ee2f
+7665003ada114b72
+0a32b87423ea1f5c
+548d5928b28523a9
+6b50e8d8dc9049a6
+0000000840000005
+3a2e1d900a9b73e2
+0000000840000001
+0010000841000005
+0000020000108005
+25157c0d8b94540b
+217d7a631d11e20a
+0000000001000000
+0000000001000042
+0000000041041005
+0000000841000005
+0000000041101041
+0000000041001001
+0200000801000005
+0010020001108005
+465f5d66eeceb197
+0010000001300005
+0010000801304005
+0010000001304005
+0010000000101001
+0010000000101005
+0000000000101045
+0000000841100005
+42b59836a7008af1
+67c624a29cdf05de
+0000000041100005
+0000000041100045
+5c6d3c0da2822a4c
+0050000001280005
+6842f89e4c654ca1
+1e89678db7bd19e6
+0050000001000001
+0000000001100001
+0000000800000005
+40f5911d52d29043
+70fed011230dee25
+4f3f96f1516fda44
+0050000001280007
+036c815731106222
+3dbcce2e6ab759cb
+3fc283bbfb626e74
+12d05c1d15bf7e95
+3c479a92d16fb95a
+2116497501c9cb73
+5c56f96212704585
+2bf352108422a37b
+0000000040000041
+0000000040001041
+208f13381a72f2fd
+0000000800000041
+0000000801100005
+7cb7d3d83ef3947d
+26b6ee69a34f0239
+0010000001000001
+0010000000001041
+0000000060101000
+0010000041101005
+0010000000041041
+0010000000100040
+0010000001100041
+0010000040101041
+0000000021101005
+0000000001001001
+0050000001100005
+0000000000000007
+0000000001001005
+0000000000101001
+0000000000040051
+00000000a1000045
+20b6c54bebedddc6
+66fd73a007ea5be0
+488341144e1e7479
+0010000001001005
+6818eb68836a958c
+150541d4702eb5eb
+00000000a1100007
+0010000001001007
+0000000000100003
+27d7db26fdb878f7
+0010000001280007
+5e12c8ae5cbad345
+0000000801105005
+48f24444082f3e80
+6f8cdb961bc1536a
+706a288dfba1e53f
+0010000800104005
+0000000801104001
+0000000801104005
+0000000800104005
+0010000801104001
+0000000840100005
+0000000001384005
+6da194eba3816c98
+0210000801000005
+0000020001308005
+1b007b7afa80d9be
+300a1f6cb5b5b0bb
+0040000001000005
+00000000a0100001
+00000000a1000005
+5cca7cd111f778f6
+521a9405aa0b6ff3
+33d61ea8d1360639
+68424cf355c53969
+2d8999114438c095
+0040000001380005
+5415b17f35bcd33c
+0050000001380007
+0000000000001040
+0050000001100007
+51cae02a74efe8bf
+7a6ee91fabccec77
+2b9b717fd2e63c4e
+5b24f448237f7391
+787e3eaf7f50103f
+182fed2a8bcfcae1
+6b2707b64af2206d
+6358601549f80d08
+6bf9083b7097ceef
+06bc6ac4cd6ef4aa
+352458496307985d
+730b44cbe5bdde87
+0753ce186d023998
+045e34d9d20682e4
+62cf7e7080d133f1
+29058fe36cf7be23
+12f88ca4fa0609f6
+4529735722d761d6
+0000000001000004
+0000000000141040
+0000020000000005
+0000000001101045
+0000000040100043
+0000000040101043
+0000000040100005
+0000000040000001
+0000000001100045
+0000000000100004
+569de94c6e699389
+338aed03c932658c
+0000000001304005
+0000000801304005
+0000000001008007
+0000000000001042
+1fb983c432692866
+23e299196b79a488
+554c55418b02effe
+0000000040000005
+5d402875fb758465
+0000000801300005
+4aabae0ccffdfc2e
+7953e7c12961b922
+0000000800000000
+0000000001300005
+373c24e90e30a9e0
+3e5db8425dc8d904
+1b2d52ae1c8a6851
+7d6c8412588c6e61
+6255fe7c6c9cd523
+5cb5216ae26bf247
+0000000000000004
+6c8c16d8da93c21f
+0bad196904b027b5
+00000000a0100041
+11ae9b7a5ddb5efa
+0000000001101041
+0000000040000042
+38e553795832f147
+513dc826bd5e6e54
+0000000001001007
+0000000000001003
+556b489a10e11c40
+0000000001041005
+685dc8d0930f1f77
+0000000001000045
+0000000040001043
+0000000040100042
+0000000040000000
+0000000020100004
+088c897701165bf8
+0000000001001041
+0080000001000005
+0000000001380005
+0000000800001041
+2202627b7ada7810
+784f419c18c6cd23
+4b90174ca2cde130
+740ce89169cc29a4
+4f481fbd579d1a7c
+3eb1688426a1cdb6
+377fc1bbaa9b727b
+79e5ed29d05ed72a
+3f97412d7b69ba04
+0000000001200045
+0000000000040040
+0280000001000007
+0280000801000005
+5028ae4d1a1fa10a
+62c6ad144e958249
+000002000110c005
+00c615f4cea36760
+533371d4d70ace3b
+4e4d2b142ddbe53c
+0000020001108005
+0000000040101001
+3afe817b6aa2f117
+0c5d01e2fec8c445
+6f49ad3652e1004d
+6bafc9164ee341a0
+549c7cc53533a14e
+7c0673c358acbb57
+5dbcd7bb462a2df1
+16015a029b7fe5e0
+20d6e7ba12628956
+0000000000000006
+0000000001000003
+0000000801100007
+0000000041001007
+0000000801000047
+00000000a1000007
+0000000041000007
+4f17f76799efe00d
+70bba4115950a1fd
+64dd5ae885c310bb
+2ad5798f862e3bb7
+0a58f949496f03f3
+42a72b53e04bcb18
+3f4d090a314e616a
+2aebf7038a037abc
+0000000001381007
+6e276173456ccbb6
+5a03578ae37ec53e
+29420a3eef6a074b
+0ca1e55bc792d525
+1a0e59390e35f37d
+64abcf3667bbca20
+0000000000100001
+29491eb014f7e6aa
+0000000001104005
+0000000001100047
+0080000001100005
+051e46df7633967e
+0200000801100005
+0000000100100007
+1cc1d24948e0df2d
+0000020001308007
+4eb5bcbcba602aa7
+1b73754587c79bbc
+0000000020000042
+63629c951bf71733
+0000000040101003
+0000000000008005
+76f465e92923b8b7
+0080000000000005
+5f778fd3127d6340
+2f292d7431a4feec
+551445ce64037bbc
+0080000801000005
+0000000800000007
+0000000801104003
+60a2c5817fa93abe
+001f884e45c403e9
+281a23a6ece5b1a8
